id,brand,model,price,memory,screen,camera,network,color,number_reviews,rating,delivery_time,pickup_time,date,webpage
13899724,APPLE,iPhone 15 Pro Max,1149.0,256 GB,"6.7""",48 MP,5G,Titan Natur,5,5.0,morgen geliefert,morgen abholbereit,2024-04-11,https://www.interdiscount.ch/de/smartphone--c411000/apple-iphone-15-pro-max-256-gb-titan-natur-6-7-48-mp-5g--p0013899724
13899694,APPLE,iPhone 15 Pro,929.0,128 GB,"6.1""",48 MP,5G,Titan Natur,4,4.0,morgen geliefert,morgen abholbereit,2024-04-11,https://www.interdiscount.ch/de/smartphone--c411000/apple-iphone-15-pro-128-gb-titan-natur-6-1-48-mp-5g--p0013899694
13899692,APPLE,iPhone 15 Pro,929.0,128 GB,"6.1""",48 MP,5G,Titan Schwarz,,,innerhalb 1 - 2 Wochen geliefert,innerhalb 1 - 2 Wochen abholbereit,2024-04-11,https://www.interdiscount.ch/de/smartphone--c411000/apple-iphone-15-pro-128-gb-titan-schwarz-6-1-48-mp-5g--p0013899692
13899695,APPLE,iPhone 15 Pro,929.0,128 GB,"6.1""",48 MP,5G,Titan Blau,3,4.5,morgen geliefert,morgen abholbereit,2024-04-11,https://www.interdiscount.ch/de/smartphone--c411000/apple-iphone-15-pro-128-gb-titan-blau-6-1-48-mp-5g--p0013899695
1018396,APPLE,iPhone 13,549.0,128 GB,"6.1""",12 MP,5G,Rosé,4,5.0,morgen geliefert,morgen abholbereit,2024-04-11,https://www.interdiscount.ch/de/smartphone--c411000/apple-iphone-13-5g-128-gb-6-1-12-mp-ros%C3%A9--p0002866475
13899725,APPLE,iPhone 15 Pro Max,1149.0,256 GB,"6.7""",48 MP,5G,Titan Blau,9,5.0,,,2024-04-11,https://www.interdiscount.ch/de/smartphone--c411000/apple-iphone-15-pro-max-256-gb-titan-blau-6-7-48-mp-5g--p0013899725
14040884,SAMSUNG,Galaxy A54 5G,399.95,128 GB,"6.4""",50 MP,5G,Awesome Graphite,5,4.0,morgen geliefert,morgen abholbereit,2024-04-11,https://www.interdiscount.ch/de/smartphone--c411000/samsung-galaxy-a54-5g-128-gb-awesome-graphite-6-4-50-mp-5g--p0014040884
13899700,APPLE,iPhone 15 Pro,1029.0,256 GB,"6.1""",48 MP,5G,Titan Natur,6,5.0,,,2024-04-11,https://www.interdiscount.ch/de/smartphone--c411000/apple-iphone-15-pro-256-gb-titan-natur-6-1-48-mp-5g--p0013899700
13899698,APPLE,iPhone 15 Pro,1029.0,256 GB,"6.1""",48 MP,5G,Titan Schwarz,4,5.0,,,2024-04-11,https://www.interdiscount.ch/de/smartphone--c411000/apple-iphone-15-pro-256-gb-titan-schwarz-6-1-48-mp-5g--p0013899698
1018394,APPLE,iPhone 13,549.0,128 GB,"6.1""",12 MP,5G,Mitternacht,7,5.0,morgen geliefert,morgen abholbereit,2024-04-11,https://www.interdiscount.ch/de/smartphone--c411000/apple-iphone-13-5g-128-gb-6-1-12-mp-mitternacht--p0002866473
13899722,APPLE,iPhone 15 Pro Max,1149.0,256 GB,"6.7""",48 MP,5G,Titan Schwarz,3,5.0,,,2024-04-11,https://www.interdiscount.ch/de/smartphone--c411000/apple-iphone-15-pro-max-256-gb-titan-schwarz-6-7-48-mp-5g--p0013899722
1018398,APPLE,iPhone 13,549.0,128 GB,"6.1""",12 MP,5G,Blau,3,5.0,morgen geliefert,morgen abholbereit,2024-04-11,https://www.interdiscount.ch/de/smartphone--c411000/apple-iphone-13-5g-128-gb-6-1-12-mp-blau--p0002866477
1018395,APPLE,iPhone 13,549.0,128 GB,"6.1""",12 MP,5G,Polarstern,8,5.0,morgen geliefert,morgen abholbereit,2024-04-11,https://www.interdiscount.ch/de/smartphone--c411000/apple-iphone-13-5g-128-gb-6-1-12-mp-polarstern--p0002866474
13899652,APPLE,iPhone 15,849.0,256 GB,"6.1""",48 MP,5G,Schwarz,,5.0,morgen geliefert,morgen abholbereit,2024-04-11,https://www.interdiscount.ch/de/smartphone--c411000/apple-iphone-15-256-gb-schwarz-6-1-48-mp-5g--p0013899652
13899701,APPLE,iPhone 15 Pro,1029.0,256 GB,"6.1""",48 MP,5G,Titan Blau,6,5.0,,,2024-04-11,https://www.interdiscount.ch/de/smartphone--c411000/apple-iphone-15-pro-256-gb-titan-blau-6-1-48-mp-5g--p0013899701
6242449,APPLE,iPhone 13,549.0,128 GB,"6.1""",12 MP,5G,Grün,,,morgen geliefert,morgen abholbereit,2024-04-11,https://www.interdiscount.ch/de/smartphone--c411000/apple-iphone-13-5g-128-gb-6-1-12-mp-gr%C3%BCn--p0006242449
9071549,APPLE,iPhone 14,629.0,128 GB,"6.1""",12 MP,5G,Mitternacht,9,5.0,morgen geliefert,morgen abholbereit,2024-04-11,https://www.interdiscount.ch/de/smartphone--c411000/apple-iphone-14-5g-128-gb-6-1-12-mp-mitternacht--p0009071549
13899644,APPLE,iPhone 15,749.0,128 GB,"6.1""",48 MP,5G,Schwarz,,5.0,morgen geliefert,morgen abholbereit,2024-04-11,https://www.interdiscount.ch/de/smartphone--c411000/apple-iphone-15-128-gb-schwarz-6-1-48-mp-5g--p0013899644
14074050,SAMSUNG,Galaxy A15,179.95,128 GB,"6.5""",50 MP,,"Schwarz, Blau",,5.0,morgen geliefert,morgen abholbereit,2024-04-11,https://www.interdiscount.ch/de/smartphone--c411000/samsung-galaxy-a15-128-gb-schwarz-blau-6-5-50-mp--p0014074050
14074051,SAMSUNG,Galaxy A15,179.95,128 GB,"6.5""",50 MP,,Blau,,,morgen geliefert,morgen abholbereit,2024-04-11,https://www.interdiscount.ch/de/smartphone--c411000/samsung-galaxy-a15-128-gb-blau-6-5-50-mp--p0014074051
13899723,APPLE,iPhone 15 Pro Max,1149.0,256 GB,"6.7""",48 MP,5G,Titan Weiss,,5.0,,,2024-04-11,https://www.interdiscount.ch/de/smartphone--c411000/apple-iphone-15-pro-max-256-gb-titan-weiss-6-7-48-mp-5g--p0013899723
6242465,APPLE,iPhone SE 2022,429.0,128 GB,"4.7""",12 MP,5G,Mitternacht,,5.0,morgen geliefert,morgen abholbereit,2024-04-11,https://www.interdiscount.ch/de/smartphone--c411000/apple-iphone-se-2022-5g-128-gb-4-7-12-mp-mitternacht--p0006242465
13899647,APPLE,iPhone 15,749.0,128 GB,"6.1""",48 MP,5G,Blau,,5.0,morgen geliefert,morgen abholbereit,2024-04-11,https://www.interdiscount.ch/de/smartphone--c411000/apple-iphone-15-128-gb-blau-6-1-48-mp-5g--p0013899647
13899668,APPLE,iPhone 15 Plus,849.0,128 GB,"6.7""",48 MP,5G,Schwarz,,5.0,morgen geliefert,morgen abholbereit,2024-04-11,https://www.interdiscount.ch/de/smartphone--c411000/apple-iphone-15-plus-128-gb-schwarz-6-7-48-mp-5g--p0013899668
13899699,APPLE,iPhone 15 Pro,1029.0,256 GB,"6.1""",48 MP,5G,Titan Weiss,,,,,2024-04-11,https://www.interdiscount.ch/de/smartphone--c411000/apple-iphone-15-pro-256-gb-titan-weiss-6-1-48-mp-5g--p0013899699
6242460,APPLE,iPhone SE 2022,389.0,64 GB,"4.7""",12 MP,5G,Mitternacht,3,5.0,morgen geliefert,morgen abholbereit,2024-04-11,https://www.interdiscount.ch/de/smartphone--c411000/apple-iphone-se-2022-5g-64-gb-4-7-12-mp-mitternacht--p0006242460
13899736,APPLE,iPhone 15 Pro Max,1599.0,1 TB,"6.7""",48 MP,5G,Titan Natur,,5.0,morgen geliefert,morgen abholbereit,2024-04-11,https://www.interdiscount.ch/de/smartphone--c411000/apple-iphone-15-pro-max-1-tb-titan-natur-6-7-48-mp-5g--p0013899736
13899655,APPLE,iPhone 15,849.0,256 GB,"6.1""",48 MP,5G,Blau,,,morgen geliefert,morgen abholbereit,2024-04-11,https://www.interdiscount.ch/de/smartphone--c411000/apple-iphone-15-256-gb-blau-6-1-48-mp-5g--p0013899655
13899707,APPLE,iPhone 15 Pro,1279.0,512 GB,"6.1""",48 MP,5G,Titan Blau,,5.0,morgen geliefert,morgen abholbereit,2024-04-11,https://www.interdiscount.ch/de/smartphone--c411000/apple-iphone-15-pro-512-gb-titan-blau-6-1-48-mp-5g--p0013899707
13899653,APPLE,iPhone 15,849.0,256 GB,"6.1""",48 MP,5G,Pink,,,morgen geliefert,morgen abholbereit,2024-04-11,https://www.interdiscount.ch/de/smartphone--c411000/apple-iphone-15-256-gb-pink-6-1-48-mp-5g--p0013899653
13899693,APPLE,iPhone 15 Pro,929.0,128 GB,"6.1""",48 MP,5G,Titan Weiss,,5.0,,,2024-04-11,https://www.interdiscount.ch/de/smartphone--c411000/apple-iphone-15-pro-128-gb-titan-weiss-6-1-48-mp-5g--p0013899693
14103192,SAMSUNG,Galaxy A55 5G,479.95,256 GB,"6.6""",50 MP,5G,Awesome Lilac,,,morgen geliefert,morgen abholbereit,2024-04-11,https://www.interdiscount.ch/de/smartphone--c411000/samsung-galaxy-a55-5g-256-gb-awesome-lilac-6-6-50-mp-5g--p0014103192
13899671,APPLE,iPhone 15 Plus,849.0,128 GB,"6.7""",48 MP,5G,Blau,3,5.0,morgen geliefert,morgen abholbereit,2024-04-11,https://www.interdiscount.ch/de/smartphone--c411000/apple-iphone-15-plus-128-gb-blau-6-7-48-mp-5g--p0013899671
1018401,APPLE,iPhone 13,649.0,256 GB,"6.1""",12 MP,5G,Mitternacht,4,5.0,morgen geliefert,morgen abholbereit,2024-04-11,https://www.interdiscount.ch/de/smartphone--c411000/apple-iphone-13-5g-256-gb-6-1-12-mp-mitternacht--p0002866480
9071620,APPLE,iPhone 14,629.0,128 GB,"6.1""",12 MP,5G,Polarstern,4,5.0,morgen geliefert,morgen abholbereit,2024-04-11,https://www.interdiscount.ch/de/smartphone--c411000/apple-iphone-14-5g-128-gb-6-1-12-mp-polarstern--p0009071620
14070424,SAMSUNG,Galaxy S24,799.0,256 GB,"6.2""",50 MP,5G,Onyx Black,,,morgen geliefert,morgen abholbereit,2024-04-11,https://www.interdiscount.ch/de/smartphone--c411000/samsung-galaxy-s24-256-gb-onyx-black-6-2-50-mp-5g--p0014070424
13899705,APPLE,iPhone 15 Pro,1279.0,512 GB,"6.1""",48 MP,5G,Titan Weiss,,,morgen geliefert,morgen abholbereit,2024-04-11,https://www.interdiscount.ch/de/smartphone--c411000/apple-iphone-15-pro-512-gb-titan-weiss-6-1-48-mp-5g--p0013899705
13893050,GOOGLE,Pixel 7a,369.0,128 GB,"6.1""",64 MP,5G,Charcoal,3,3.5,morgen geliefert,morgen abholbereit,2024-04-11,https://www.interdiscount.ch/de/smartphone--c411000/google-pixel-7a-128-gb-charcoal-6-1-64-mp-5g--p0013893050
13899645,APPLE,iPhone 15,749.0,128 GB,"6.1""",48 MP,5G,Pink,,5.0,morgen geliefert,morgen abholbereit,2024-04-11,https://www.interdiscount.ch/de/smartphone--c411000/apple-iphone-15-128-gb-pink-6-1-48-mp-5g--p0013899645
9071621,APPLE,iPhone 14,629.0,128 GB,"6.1""",12 MP,5G,Violett,6,5.0,morgen geliefert,morgen abholbereit,2024-04-11,https://www.interdiscount.ch/de/smartphone--c411000/apple-iphone-14-5g-128-gb-6-1-12-mp-violett--p0009071621
14082838,XIAOMI,Redmi Note 13 Pro+,399.95,512 GB,"6.67""",200 MP,5G,Midnight black,,,morgen geliefert,morgen abholbereit,2024-04-11,https://www.interdiscount.ch/de/smartphone--c411000/xiaomi-redmi-note-13-pro-512-gb-midnight-black-6-67-200-mp-5g--p0014082838
13685800,SAMSUNG,Galaxy S23 Ultra,849.0,256 GB,"6.8""",200 MP,5G,Phantom Black,5,5.0,morgen geliefert,morgen abholbereit,2024-04-11,https://www.interdiscount.ch/de/smartphone--c411000/samsung-galaxy-s23-ultra-5g-256-gb-6-8-200-mp-phantom-black--p0013685800
9071623,APPLE,iPhone 14,629.0,128 GB,"6.1""",12 MP,5G,Blau,6,4.5,morgen geliefert,morgen abholbereit,2024-04-11,https://www.interdiscount.ch/de/smartphone--c411000/apple-iphone-14-5g-128-gb-6-1-12-mp-blau--p0009071623
13899730,APPLE,iPhone 15 Pro Max,1349.0,512 GB,"6.7""",48 MP,5G,Titan Natur,5,5.0,,,2024-04-11,https://www.interdiscount.ch/de/smartphone--c411000/apple-iphone-15-pro-max-512-gb-titan-natur-6-7-48-mp-5g--p0013899730
13899706,APPLE,iPhone 15 Pro,1279.0,512 GB,"6.1""",48 MP,5G,Titan Natur,,,,,2024-04-11,https://www.interdiscount.ch/de/smartphone--c411000/apple-iphone-15-pro-512-gb-titan-natur-6-1-48-mp-5g--p0013899706
14103194,SAMSUNG,Galaxy A55 5G,479.95,256 GB,"6.6""",50 MP,5G,Awesome Iceblue,,2.0,morgen geliefert,morgen abholbereit,2024-04-11,https://www.interdiscount.ch/de/smartphone--c411000/samsung-galaxy-a55-5g-256-gb-awesome-iceblue-6-6-50-mp-5g--p0014103194
6242450,APPLE,iPhone 13,649.0,256 GB,"6.1""",12 MP,5G,Grün,,5.0,morgen geliefert,morgen abholbereit,2024-04-11,https://www.interdiscount.ch/de/smartphone--c411000/apple-iphone-13-5g-256-gb-6-1-12-mp-gr%C3%BCn--p0006242450
13899728,APPLE,iPhone 15 Pro Max,1349.0,512 GB,"6.7""",48 MP,5G,Titan Schwarz,,3.0,,,2024-04-11,https://www.interdiscount.ch/de/smartphone--c411000/apple-iphone-15-pro-max-512-gb-titan-schwarz-6-7-48-mp-5g--p0013899728
14074052,SAMSUNG,Galaxy A15 5G,199.95,128 GB,"6.5""",50 MP,5G,"Schwarz, Blau",,,morgen geliefert,morgen abholbereit,2024-04-11,https://www.interdiscount.ch/de/smartphone--c411000/samsung-galaxy-a15-5g-128-gb-schwarz-blau-6-5-50-mp-5g--p0014074052
1018402,APPLE,iPhone 13,649.0,256 GB,"6.1""",12 MP,5G,Polarstern,3,5.0,morgen geliefert,morgen abholbereit,2024-04-11,https://www.interdiscount.ch/de/smartphone--c411000/apple-iphone-13-5g-256-gb-6-1-12-mp-polarstern--p0002866481
13899677,APPLE,iPhone 15 Plus,949.0,256 GB,"6.7""",48 MP,5G,Pink,,5.0,morgen geliefert,morgen abholbereit,2024-04-11,https://www.interdiscount.ch/de/smartphone--c411000/apple-iphone-15-plus-256-gb-pink-6-7-48-mp-5g--p0013899677
14070438,SAMSUNG,Galaxy S24 Ultra,1299.0,512 GB,"6.8""",200 MP,5G,Titanium Black,,5.0,morgen geliefert,morgen abholbereit,2024-04-11,https://www.interdiscount.ch/de/smartphone--c411000/samsung-galaxy-s24-ultra-512-gb-titanium-black-6-8-200-mp-5g--p0014070438
14103191,SAMSUNG,Galaxy A55 5G,429.95,128 GB,"6.6""",50 MP,5G,Awesome Navy,,,morgen geliefert,morgen abholbereit,2024-04-11,https://www.interdiscount.ch/de/smartphone--c411000/samsung-galaxy-a55-5g-128-gb-awesome-navy-6-6-50-mp-5g--p0014103191
14103190,SAMSUNG,Galaxy A55 5G,479.95,256 GB,"6.6""",50 MP,5G,Awesome Navy,,,morgen geliefert,morgen abholbereit,2024-04-11,https://www.interdiscount.ch/de/smartphone--c411000/samsung-galaxy-a55-5g-256-gb-awesome-navy-6-6-50-mp-5g--p0014103190
14037024,XIAOMI,Redmi 12,179.95,256 GB,"6.79""",50 MP,,Schwarz,,5.0,morgen geliefert,morgen abholbereit,2024-04-11,https://www.interdiscount.ch/de/smartphone--c411000/xiaomi-redmi-12-256-gb-schwarz-6-79-50-mp--p0014037024
9071629,APPLE,iPhone 14,729.0,256 GB,"6.1""",12 MP,5G,Violett,,5.0,morgen geliefert,morgen abholbereit,2024-04-11,https://www.interdiscount.ch/de/smartphone--c411000/apple-iphone-14-5g-256-gb-6-1-12-mp-violett--p0009071629
9071631,APPLE,iPhone 14,729.0,256 GB,"6.1""",12 MP,5G,Blau,,5.0,morgen geliefert,morgen abholbereit,2024-04-11,https://www.interdiscount.ch/de/smartphone--c411000/apple-iphone-14-5g-256-gb-6-1-12-mp-blau--p0009071631
13899731,APPLE,iPhone 15 Pro Max,1349.0,512 GB,"6.7""",48 MP,5G,Titan Blau,,5.0,,,2024-04-11,https://www.interdiscount.ch/de/smartphone--c411000/apple-iphone-15-pro-max-512-gb-titan-blau-6-7-48-mp-5g--p0013899731
13899729,APPLE,iPhone 15 Pro Max,1349.0,512 GB,"6.7""",48 MP,5G,Titan Weiss,,,,,2024-04-11,https://www.interdiscount.ch/de/smartphone--c411000/apple-iphone-15-pro-max-512-gb-titan-weiss-6-7-48-mp-5g--p0013899729
13685803,SAMSUNG,Galaxy S23 Ultra,849.0,256 GB,"6.8""",200 MP,5G,Creme,3,5.0,morgen geliefert,morgen abholbereit,2024-04-11,https://www.interdiscount.ch/de/smartphone--c411000/samsung-galaxy-s23-ultra-5g-256-gb-6-8-200-mp-creme--p0013685803
1018405,APPLE,iPhone 13,649.0,256 GB,"6.1""",12 MP,5G,Blau,4,5.0,morgen geliefert,morgen abholbereit,2024-04-11,https://www.interdiscount.ch/de/smartphone--c411000/apple-iphone-13-5g-256-gb-6-1-12-mp-blau--p0002866484
13899734,APPLE,iPhone 15 Pro Max,1599.0,1 TB,"6.7""",48 MP,5G,Titan Schwarz,,5.0,,,2024-04-11,https://www.interdiscount.ch/de/smartphone--c411000/apple-iphone-15-pro-max-1-tb-titan-schwarz-6-7-48-mp-5g--p0013899734
13899646,APPLE,iPhone 15,749.0,128 GB,"6.1""",48 MP,5G,Gelb,,,morgen geliefert,morgen abholbereit,2024-04-11,https://www.interdiscount.ch/de/smartphone--c411000/apple-iphone-15-128-gb-gelb-6-1-48-mp-5g--p0013899646
1018397,APPLE,iPhone 13,549.0,128 GB,"6.1""",12 MP,5G,(PRODUCT)RED,4,5.0,morgen geliefert,morgen abholbereit,2024-04-11,https://www.interdiscount.ch/de/smartphone--c411000/apple-iphone-13-128-gb-product-red-6-1-12-mp-5g--p0002866476
13899676,APPLE,iPhone 15 Plus,949.0,256 GB,"6.7""",48 MP,5G,Schwarz,,5.0,morgen geliefert,morgen abholbereit,2024-04-11,https://www.interdiscount.ch/de/smartphone--c411000/apple-iphone-15-plus-256-gb-schwarz-6-7-48-mp-5g--p0013899676
14074049,SAMSUNG,Galaxy A15,179.95,128 GB,"6.5""",50 MP,,Gelb,,,morgen geliefert,morgen abholbereit,2024-04-11,https://www.interdiscount.ch/de/smartphone--c411000/samsung-galaxy-a15-128-gb-gelb-6-5-50-mp--p0014074049
14082852,XIAOMI,Redmi 13C,149.95,256 GB,"6.74""",50 MP,,Blau,,,morgen geliefert,morgen abholbereit,2024-04-11,https://www.interdiscount.ch/de/smartphone--c411000/xiaomi-redmi-13c-256-gb-blau-6-74-50-mp--p0014082852
14040952,SAMSUNG,Galaxy S23 FE,629.0,256 GB,"6.4""",50 MP,5G,Graphite,,,morgen geliefert,morgen abholbereit,2024-04-11,https://www.interdiscount.ch/de/smartphone--c411000/samsung-galaxy-s23-fe-256-gb-graphite-6-4-50-mp-5g--p0014040952
13899704,APPLE,iPhone 15 Pro,1279.0,512 GB,"6.1""",48 MP,5G,Titan Schwarz,,,,,2024-04-11,https://www.interdiscount.ch/de/smartphone--c411000/apple-iphone-15-pro-512-gb-titan-schwarz-6-1-48-mp-5g--p0013899704
13685801,SAMSUNG,Galaxy S23 Ultra,849.0,256 GB,"6.8""",200 MP,5G,Grün,4,5.0,morgen geliefert,morgen abholbereit,2024-04-11,https://www.interdiscount.ch/de/smartphone--c411000/samsung-galaxy-s23-ultra-5g-256-gb-6-8-200-mp-gr%C3%BCn--p0013685801
13899735,APPLE,iPhone 15 Pro Max,1599.0,1 TB,"6.7""",48 MP,5G,Titan Weiss,,5.0,morgen geliefert,morgen abholbereit,2024-04-11,https://www.interdiscount.ch/de/smartphone--c411000/apple-iphone-15-pro-max-1-tb-titan-weiss-6-7-48-mp-5g--p0013899735
14070437,SAMSUNG,Galaxy S24 Ultra,1499.0,1000 GB,"6.8""",200 MP,5G,Titanium Black,,,morgen geliefert,morgen abholbereit,2024-04-11,https://www.interdiscount.ch/de/smartphone--c411000/samsung-galaxy-s24-ultra-1000-gb-titanium-black-6-8-200-mp-5g--p0014070437
13899737,APPLE,iPhone 15 Pro Max,1599.0,1 TB,"6.7""",48 MP,5G,Titan Blau,,5.0,,,2024-04-11,https://www.interdiscount.ch/de/smartphone--c411000/apple-iphone-15-pro-max-1-tb-titan-blau-6-7-48-mp-5g--p0013899737
14103195,SAMSUNG,Galaxy A55 5G,429.95,128 GB,"6.6""",50 MP,5G,Awesome Iceblue,,,morgen geliefert,morgen abholbereit,2024-04-11,https://www.interdiscount.ch/de/smartphone--c411000/samsung-galaxy-a55-5g-128-gb-awesome-iceblue-6-6-50-mp-5g--p0014103195
14082853,XIAOMI,Redmi 13C,149.95,256 GB,"6.74""",50 MP,,Schwarz,,,morgen geliefert,morgen abholbereit,2024-04-11,https://www.interdiscount.ch/de/smartphone--c411000/xiaomi-redmi-13c-256-gb-schwarz-6-74-50-mp--p0014082853
14070422,SAMSUNG,Galaxy S24,799.0,256 GB,"6.2""",50 MP,5G,Cobalt Violet,,5.0,morgen geliefert,morgen abholbereit,2024-04-11,https://www.interdiscount.ch/de/smartphone--c411000/samsung-galaxy-s24-256-gb-cobalt-violet-6-2-50-mp-5g--p0014070422
13899679,APPLE,iPhone 15 Plus,949.0,256 GB,"6.7""",48 MP,5G,Blau,,5.0,morgen geliefert,morgen abholbereit,2024-04-11,https://www.interdiscount.ch/de/smartphone--c411000/apple-iphone-15-plus-256-gb-blau-6-7-48-mp-5g--p0013899679
6242462,APPLE,iPhone SE 2022,389.0,64 GB,"4.7""",12 MP,5G,(PRODUCT)RED,,5.0,morgen geliefert,morgen abholbereit,2024-04-11,https://www.interdiscount.ch/de/smartphone--c411000/apple-iphone-se-2022-64-gb-product-red-4-7-12-mp-5g--p0006242462
9071628,APPLE,iPhone 14,729.0,256 GB,"6.1""",12 MP,5G,Polarstern,,,morgen geliefert,morgen abholbereit,2024-04-11,https://www.interdiscount.ch/de/smartphone--c411000/apple-iphone-14-5g-256-gb-6-1-12-mp-polarstern--p0009071628
14103193,SAMSUNG,Galaxy A55 5G,429.95,128 GB,"6.6""",50 MP,5G,Awesome Lilac,,,morgen geliefert,morgen abholbereit,2024-04-11,https://www.interdiscount.ch/de/smartphone--c411000/samsung-galaxy-a55-5g-128-gb-awesome-lilac-6-6-50-mp-5g--p0014103193
5865115,EMPORIA,JOY- LTE,89.9,0.128 GB,"2.8""",2 MP,,Schwarz,3,4.5,morgen geliefert,morgen abholbereit,2024-04-11,https://www.interdiscount.ch/de/smartphone--c411000/emporia-joy-lte-0-128-gb-2-8-2-mp-schwarz--p0005865115
14082839,XIAOMI,Redmi Note 13 Pro+,399.95,512 GB,"6.67""",200 MP,5G,Aurora Purple,,,morgen geliefert,morgen abholbereit,2024-04-11,https://www.interdiscount.ch/de/smartphone--c411000/xiaomi-redmi-note-13-pro-512-gb-aurora-purple-6-67-200-mp-5g--p0014082839
997928,APPLE,iPhone 12,519.0,128 GB,"6.1""",12 MP,5G,Schwarz,12,4.5,morgen geliefert,morgen abholbereit,2024-04-11,https://www.interdiscount.ch/de/smartphone--c411000/apple-iphone-12-5g-128-gb-6-1-12-mp-schwarz--p0002551075
14070435,SAMSUNG,Galaxy S24+,949.0,256 GB,"6.7""",50 MP,5G,Onyx Black,,,morgen geliefert,morgen abholbereit,2024-04-11,https://www.interdiscount.ch/de/smartphone--c411000/samsung-galaxy-s24-256-gb-onyx-black-6-7-50-mp-5g--p0014070435
14040953,SAMSUNG,Galaxy S23 FE,499.0,128 GB,"6.4""",50 MP,5G,Graphite,,,morgen geliefert,morgen abholbereit,2024-04-11,https://www.interdiscount.ch/de/smartphone--c411000/samsung-galaxy-s23-fe-128-gb-graphite-6-4-50-mp-5g--p0014040953
6242461,APPLE,iPhone SE 2022,389.0,64 GB,"4.7""",12 MP,5G,Polarstern,,5.0,morgen geliefert,morgen abholbereit,2024-04-11,https://www.interdiscount.ch/de/smartphone--c411000/apple-iphone-se-2022-5g-64-gb-4-7-12-mp-polarstern--p0006242461
14070442,SAMSUNG,Galaxy S24 Ultra,1299.0,512 GB,"6.8""",200 MP,5G,Titanium Gray,,5.0,morgen geliefert,morgen abholbereit,2024-04-11,https://www.interdiscount.ch/de/smartphone--c411000/samsung-galaxy-s24-ultra-512-gb-titanium-gray-6-8-200-mp-5g--p0014070442
5033384,XIAOMI,Redmi Note 11,129.95,64 GB,"6.43""",50 MP,,Graphite Gray,,,morgen geliefert,morgen abholbereit,2024-04-11,https://www.interdiscount.ch/de/smartphone--c411000/xiaomi-redmi-note-11-64-gb-6-43-50-mp-graphite-gray--p1005033384
1018403,APPLE,iPhone 13,649.0,256 GB,"6.1""",12 MP,5G,Rosé,,5.0,,,2024-04-11,https://www.interdiscount.ch/de/smartphone--c411000/apple-iphone-13-5g-256-gb-6-1-12-mp-ros%C3%A9--p0002866482
13897328,GOOGLE,Pixel 7a,369.0,128 GB,"6.1""",64 MP,5G,"Sea Blue, Blau",,,morgen geliefert,morgen abholbereit,2024-04-11,https://www.interdiscount.ch/de/smartphone--c411000/google-pixel-7a-128-gb-sea-blue-blau-6-1-64-mp-5g--p0013897328
9071627,APPLE,iPhone 14,729.0,256 GB,"6.1""",12 MP,5G,Mitternacht,,5.0,morgen geliefert,morgen abholbereit,2024-04-11,https://www.interdiscount.ch/de/smartphone--c411000/apple-iphone-14-5g-256-gb-6-1-12-mp-mitternacht--p0009071627
997912,APPLE,iPhone 12,519.0,128 GB,"6.1""",12 MP,5G,Violett,,4.5,morgen geliefert,morgen abholbereit,2024-04-11,https://www.interdiscount.ch/de/smartphone--c411000/apple-iphone-12-5g-128-gb-6-1-12-mp-violett--p0002744772
14082858,XIAOMI,Redmi Note 13,179.95,128 GB,"6.67""",108 MP,,Midnight black,,,innerhalb 1 - 2 Wochen geliefert,innerhalb 1 - 2 Wochen abholbereit,2024-04-11,https://www.interdiscount.ch/de/smartphone--c411000/xiaomi-redmi-note-13-128-gb-midnight-black-6-67-108-mp--p0014082858
14070427,SAMSUNG,Galaxy S24,799.0,256 GB,"6.2""",50 MP,5G,Marble Gray,,5.0,innerhalb 1 - 2 Wochen geliefert,innerhalb 1 - 2 Wochen abholbereit,2024-04-11,https://www.interdiscount.ch/de/smartphone--c411000/samsung-galaxy-s24-256-gb-marble-gray-6-2-50-mp-5g--p0014070427
13899656,APPLE,iPhone 15,849.0,256 GB,"6.1""",48 MP,5G,Grün,,,morgen geliefert,morgen abholbereit,2024-04-11,https://www.interdiscount.ch/de/smartphone--c411000/apple-iphone-15-256-gb-gr%C3%BCn-6-1-48-mp-5g--p0013899656
13899713,APPLE,iPhone 15 Pro,1499.0,1 TB,"6.1""",48 MP,5G,Titan Blau,,4.0,morgen geliefert,morgen abholbereit,2024-04-11,https://www.interdiscount.ch/de/smartphone--c411000/apple-iphone-15-pro-1-tb-titan-blau-6-1-48-mp-5g--p0013899713
14103189,SAMSUNG,Galaxy A35 5G,359.95,128 GB,"6.6""",50 MP,5G,Awesome Lilac,,,morgen geliefert,morgen abholbereit,2024-04-11,https://www.interdiscount.ch/de/smartphone--c411000/samsung-galaxy-a35-5g-128-gb-awesome-lilac-6-6-50-mp-5g--p0014103189
6242467,APPLE,iPhone SE 2022,429.0,128 GB,"4.7""",12 MP,5G,(PRODUCT)RED,,5.0,morgen geliefert,morgen abholbereit,2024-04-11,https://www.interdiscount.ch/de/smartphone--c411000/apple-iphone-se-2022-5g-128-gb-4-7-12-mp-product-red--p0006242467
6242466,APPLE,iPhone SE 2022,429.0,128 GB,"4.7""",12 MP,5G,Polarstern,,5.0,morgen geliefert,morgen abholbereit,2024-04-11,https://www.interdiscount.ch/de/smartphone--c411000/apple-iphone-se-2022-5g-128-gb-4-7-12-mp-polarstern--p0006242466
14103187,SAMSUNG,Galaxy A35 5G,359.95,128 GB,"6.6""",50 MP,5G,Awesome Navy,,,morgen geliefert,morgen abholbereit,2024-04-11,https://www.interdiscount.ch/de/smartphone--c411000/samsung-galaxy-a35-5g-128-gb-awesome-navy-6-6-50-mp-5g--p0014103187
14070441,SAMSUNG,Galaxy S24 Ultra,1499.0,1000 GB,"6.8""",200 MP,5G,Titanium Gray,,5.0,morgen geliefert,morgen abholbereit,2024-04-11,https://www.interdiscount.ch/de/smartphone--c411000/samsung-galaxy-s24-ultra-1000-gb-titanium-gray-6-8-200-mp-5g--p0014070441
1000445,NOKIA,225 4G,59.9,64 MB,"2.4""",0.3 MP,,Schwarz,5,4.0,morgen geliefert,morgen abholbereit,2024-04-11,https://www.interdiscount.ch/de/smartphone--c411000/nokia-225-4g-64-mb-2-4-0-3-mp-schwarz--p0002555574
13899711,APPLE,iPhone 15 Pro,1499.0,1 TB,"6.1""",48 MP,5G,Titan Weiss,,,morgen geliefert,morgen abholbereit,2024-04-11,https://www.interdiscount.ch/de/smartphone--c411000/apple-iphone-15-pro-1-tb-titan-weiss-6-1-48-mp-5g--p0013899711
997905,APPLE,iPhone 12,459.0,64 GB,"6.1""",12 MP,5G,Violett,,5.0,morgen geliefert,morgen abholbereit,2024-04-11,https://www.interdiscount.ch/de/smartphone--c411000/apple-iphone-12-5g-64-gb-6-1-12-mp-violett--p0002744771
13899672,APPLE,iPhone 15 Plus,849.0,128 GB,"6.7""",48 MP,5G,Grün,,,morgen geliefert,morgen abholbereit,2024-04-11,https://www.interdiscount.ch/de/smartphone--c411000/apple-iphone-15-plus-128-gb-gr%C3%BCn-6-7-48-mp-5g--p0013899672
997921,APPLE,iPhone 12,459.0,64 GB,"6.1""",12 MP,5G,Schwarz,5,4.5,morgen geliefert,morgen abholbereit,2024-04-11,https://www.interdiscount.ch/de/smartphone--c411000/apple-iphone-12-5g-6-1-64-gb-12-mp-schwarz--p0002551070
14082867,XIAOMI,Redmi Note 13 Pro,279.95,256 GB,"6.67""",200 MP,,Lavender Purple,,,morgen geliefert,morgen abholbereit,2024-04-11,https://www.interdiscount.ch/de/smartphone--c411000/xiaomi-redmi-note-13-pro-256-gb-lavender-purple-6-67-200-mp--p0014082867
13685804,SAMSUNG,Galaxy A34 5G,319.95,128 GB,"6.6""",48 MP,5G,Awesome Graphite,3,4.5,morgen geliefert,morgen abholbereit,2024-04-11,https://www.interdiscount.ch/de/smartphone--c411000/samsung-galaxy-a34-5g-5g-128-gb-6-6-48-mp-awesome-graphite--p0013685804
14082855,XIAOMI,Redmi Note 13 Pro,279.95,256 GB,"6.67""",200 MP,,Midnight black,,,morgen geliefert,morgen abholbereit,2024-04-11,https://www.interdiscount.ch/de/smartphone--c411000/xiaomi-redmi-note-13-pro-256-gb-midnight-black-6-67-200-mp--p0014082855
14070421,SAMSUNG,Galaxy S24,799.0,256 GB,"6.2""",50 MP,5G,Amber Yellow,,3.0,morgen geliefert,morgen abholbereit,2024-04-11,https://www.interdiscount.ch/de/smartphone--c411000/samsung-galaxy-s24-256-gb-amber-yellow-6-2-50-mp-5g--p0014070421
13433125,NOKIA,C21,79.95,32 GB,"6.5""",8 MP,,Dunkelblau,,,morgen geliefert,morgen abholbereit,2024-04-11,https://www.interdiscount.ch/de/smartphone--c411000/nokia-c21-32-gb-6-5-8-mp-dunkelblau--p0013433125
13899648,APPLE,iPhone 15,749.0,128 GB,"6.1""",48 MP,5G,Grün,,5.0,morgen geliefert,morgen abholbereit,2024-04-11,https://www.interdiscount.ch/de/smartphone--c411000/apple-iphone-15-128-gb-gr%C3%BCn-6-1-48-mp-5g--p0013899648
14082854,XIAOMI,Redmi 13C,149.95,256 GB,"6.74""",50 MP,,Grün,,,morgen geliefert,morgen abholbereit,2024-04-11,https://www.interdiscount.ch/de/smartphone--c411000/xiaomi-redmi-13c-256-gb-gr%C3%BCn-6-74-50-mp--p0014082854
14070446,SAMSUNG,Galaxy S24 Ultra,1199.0,256 GB,"6.8""",200 MP,5G,Titanium Black,,5.0,morgen geliefert,morgen abholbereit,2024-04-11,https://www.interdiscount.ch/de/smartphone--c411000/samsung-galaxy-s24-ultra-256-gb-titanium-black-6-8-200-mp-5g--p0014070446
14082859,XIAOMI,Redmi Note 13,199.95,256 GB,"6.67""",108 MP,,Midnight black,,5.0,morgen geliefert,morgen abholbereit,2024-04-11,https://www.interdiscount.ch/de/smartphone--c411000/xiaomi-redmi-note-13-256-gb-midnight-black-6-67-108-mp--p0014082859
997929,APPLE,iPhone 12,519.0,128 GB,"6.1""",12 MP,5G,Weiss,7,5.0,morgen geliefert,morgen abholbereit,2024-04-11,https://www.interdiscount.ch/de/smartphone--c411000/apple-iphone-12-5g-128-gb-6-1-12-mp-weiss--p0002551076
14082840,XIAOMI,Redmi Note 13 Pro+,399.95,512 GB,"6.67""",200 MP,5G,Moonlight White,,,morgen geliefert,morgen abholbereit,2024-04-11,https://www.interdiscount.ch/de/smartphone--c411000/xiaomi-redmi-note-13-pro-512-gb-moonlight-white-6-67-200-mp-5g--p0014082840
14070439,SAMSUNG,Galaxy S24 Ultra,1299.0,512 GB,"6.8""",200 MP,5G,Titanium Yellow,,,morgen geliefert,morgen abholbereit,2024-04-11,https://www.interdiscount.ch/de/smartphone--c411000/samsung-galaxy-s24-ultra-512-gb-titanium-yellow-6-8-200-mp-5g--p0014070439
14088779,SAMSUNG,Galaxy XCover 7 Enterprise Edition,329.0,128 GB,"6.6""",50 MP,,Schwarz,,,morgen geliefert,morgen abholbereit,2024-04-11,https://www.interdiscount.ch/de/smartphone--c411000/samsung-galaxy-xcover-7-enterprise-edition-128-gb-schwarz-6-6-50-mp--p0014088779
14040956,SAMSUNG,Galaxy A25 5G,269.95,128 GB,"6.5""",50 MP,5G,Schwarzblau,,,morgen geliefert,morgen abholbereit,2024-04-11,https://www.interdiscount.ch/de/smartphone--c411000/samsung-galaxy-a25-5g-128-gb-schwarzblau-6-5-50-mp-5g--p0014040956
13800548,SAMSUNG,Galaxy A54,419.95,256 GB,"6.4""",50 MP,5G,Awesome Graphite,9,4.5,morgen geliefert,morgen abholbereit,2024-04-11,https://www.interdiscount.ch/de/smartphone--c411000/samsung-galaxy-a54-256-gb-awesome-graphite-6-4-50-mp-5g--p0013800548
14070434,SAMSUNG,Galaxy S24+,1049.0,512 GB,"6.7""",50 MP,5G,Onyx Black,,5.0,morgen geliefert,morgen abholbereit,2024-04-11,https://www.interdiscount.ch/de/smartphone--c411000/samsung-galaxy-s24-512-gb-onyx-black-6-7-50-mp-5g--p0014070434
13899712,APPLE,iPhone 15 Pro,1499.0,1 TB,"6.1""",48 MP,5G,Titan Natur,,5.0,Liefertermin unbekannt,Liefertermin unbekannt,2024-04-11,https://www.interdiscount.ch/de/smartphone--c411000/apple-iphone-15-pro-1-tb-titan-natur-6-1-48-mp-5g--p0013899712
979869,APPLE,iPhone 11,449.0,128 GB,"6.1""",12 MP,,Weiss,12,5.0,morgen geliefert,morgen abholbereit,2024-04-11,https://www.interdiscount.ch/de/smartphone--c411000/apple-iphone-11-128-gb-6-1-12-mp-weiss--p0001903287
14040955,SAMSUNG,Galaxy S23 FE,499.0,128 GB,"6.4""",50 MP,5G,Mint,,,morgen geliefert,morgen abholbereit,2024-04-11,https://www.interdiscount.ch/de/smartphone--c411000/samsung-galaxy-s23-fe-128-gb-mint-6-4-50-mp-5g--p0014040955
14103196,SAMSUNG,Galaxy A55 5G,479.95,256 GB,"6.6""",50 MP,5G,Awesome Lemon,,,morgen geliefert,morgen abholbereit,2024-04-11,https://www.interdiscount.ch/de/smartphone--c411000/samsung-galaxy-a55-5g-256-gb-awesome-lemon-6-6-50-mp-5g--p0014103196
14110925,NOTHING,Phone2a,379.95,256 GB,"6.7""",50 MP,5G,Schwarz,,,innerhalb 1 - 2 Wochen geliefert,innerhalb 1 - 2 Wochen abholbereit,2024-04-11,https://www.interdiscount.ch/de/smartphone--c411000/nothing-phone-2a-256-gb-schwarz-6-7-50-mp-5g--p0014110925
9071644,APPLE,iPhone 14 Plus,729.0,128 GB,"6.7""",12 MP,5G,Polarstern,,,morgen geliefert,morgen abholbereit,2024-04-11,https://www.interdiscount.ch/de/smartphone--c411000/apple-iphone-14-plus-5g-128-gb-6-7-12-mp-polarstern--p0009071644
997922,APPLE,iPhone 12,459.0,64 GB,"6.1""",12 MP,5G,Weiss,,5.0,morgen geliefert,morgen abholbereit,2024-04-11,https://www.interdiscount.ch/de/smartphone--c411000/apple-iphone-12-5g-64-gb-6-1-12-mp-weiss--p0002551071
14070440,SAMSUNG,Galaxy S24 Ultra,1299.0,512 GB,"6.8""",200 MP,5G,Titanium Violet,,5.0,morgen geliefert,morgen abholbereit,2024-04-11,https://www.interdiscount.ch/de/smartphone--c411000/samsung-galaxy-s24-ultra-512-gb-titanium-violet-6-8-200-mp-5g--p0014070440
13899669,APPLE,iPhone 15 Plus,849.0,128 GB,"6.7""",48 MP,5G,Pink,,5.0,Liefertermin unbekannt,Liefertermin unbekannt,2024-04-11,https://www.interdiscount.ch/de/smartphone--c411000/apple-iphone-15-plus-128-gb-pink-6-7-48-mp-5g--p0013899669
1018404,APPLE,iPhone 13,649.0,256 GB,"6.1""",12 MP,5G,(PRODUCT)RED,,5.0,morgen geliefert,morgen abholbereit,2024-04-11,https://www.interdiscount.ch/de/smartphone--c411000/apple-iphone-13-5g-256-gb-6-1-12-mp-product-red--p0002866483
14040954,SAMSUNG,Galaxy S23 FE,629.0,256 GB,"6.4""",50 MP,5G,Mint,,,morgen geliefert,morgen abholbereit,2024-04-11,https://www.interdiscount.ch/de/smartphone--c411000/samsung-galaxy-s23-fe-256-gb-mint-6-4-50-mp-5g--p0014040954
13899710,APPLE,iPhone 15 Pro,1499.0,1 TB,"6.1""",48 MP,5G,Titan Schwarz,,,,,2024-04-11,https://www.interdiscount.ch/de/smartphone--c411000/apple-iphone-15-pro-1-tb-titan-schwarz-6-1-48-mp-5g--p0013899710
14040950,SAMSUNG,Galaxy S23 FE,629.0,256 GB,"6.4""",50 MP,5G,Violett,,,morgen geliefert,morgen abholbereit,2024-04-11,https://www.interdiscount.ch/de/smartphone--c411000/samsung-galaxy-s23-fe-256-gb-violett-6-4-50-mp-5g--p0014040950
13685805,SAMSUNG,Galaxy A34 5G,319.95,128 GB,"6.6""",48 MP,5G,Awesome Violet,5,5.0,morgen geliefert,morgen abholbereit,2024-04-11,https://www.interdiscount.ch/de/smartphone--c411000/samsung-galaxy-a34-5g-5g-128-gb-6-6-48-mp-awesome-violet--p0013685805
9071653,APPLE,iPhone 14 Plus,829.0,256 GB,"6.7""",12 MP,5G,Violett,,,morgen geliefert,morgen abholbereit,2024-04-11,https://www.interdiscount.ch/de/smartphone--c411000/apple-iphone-14-plus-5g-256-gb-6-7-12-mp-violett--p0009071653
14103183,SAMSUNG,Galaxy A35 5G,359.95,128 GB,"6.6""",50 MP,5G,Awesome Iceblue,,,morgen geliefert,morgen abholbereit,2024-04-11,https://www.interdiscount.ch/de/smartphone--c411000/samsung-galaxy-a35-5g-128-gb-awesome-iceblue-6-6-50-mp-5g--p0014103183
13956869,FAIRPHONE,Fairphone 5,629.95,256 GB,"6.46""",50 MP,5G,Sky Blue,,,innerhalb 1 - 2 Wochen geliefert,innerhalb 1 - 2 Wochen abholbereit,2024-04-11,https://www.interdiscount.ch/de/smartphone--c411000/fairphone-fairphone-5-256-gb-sky-blue-6-46-50-mp-5g--p0013956869
13922049,OPPO,A78,179.95,128 GB,"6.43""",50 MP,,Schwarz,,,morgen geliefert,morgen abholbereit,2024-04-11,https://www.interdiscount.ch/de/smartphone--c411000/oppo-a78-128-gb-6-43-50-mp-schwarz--p0013922049
9071646,APPLE,iPhone 14 Plus,729.0,128 GB,"6.7""",12 MP,5G,(PRODUCT)RED,,5.0,morgen geliefert,morgen abholbereit,2024-04-11,https://www.interdiscount.ch/de/smartphone--c411000/apple-iphone-14-plus-5g-128-gb-6-7-12-mp-product-red--p0009071646
997932,APPLE,iPhone 12,519.0,128 GB,"6.1""",12 MP,5G,Grün,4,5.0,morgen geliefert,morgen abholbereit,2024-04-11,https://www.interdiscount.ch/de/smartphone--c411000/apple-iphone-12-5g-128-gb-6-1-12-mp-gr%C3%BCn--p0002551079
9071622,APPLE,iPhone 14,629.0,128 GB,"6.1""",12 MP,5G,(PRODUCT)RED,,5.0,morgen geliefert,morgen abholbereit,2024-04-11,https://www.interdiscount.ch/de/smartphone--c411000/apple-iphone-14-5g-128-gb-6-1-12-mp-product-red--p0009071622
13899654,APPLE,iPhone 15,849.0,256 GB,"6.1""",48 MP,5G,Gelb,,,morgen geliefert,morgen abholbereit,2024-04-11,https://www.interdiscount.ch/de/smartphone--c411000/apple-iphone-15-256-gb-gelb-6-1-48-mp-5g--p0013899654
14082864,XIAOMI,Redmi Note 13,199.95,256 GB,"6.67""",108 MP,,Mintgrün,,,morgen geliefert,morgen abholbereit,2024-04-11,https://www.interdiscount.ch/de/smartphone--c411000/xiaomi-redmi-note-13-256-gb-mintgr%C3%BCn-6-67-108-mp--p0014082864
9071645,APPLE,iPhone 14 Plus,729.0,128 GB,"6.7""",12 MP,5G,Violett,,5.0,morgen geliefert,morgen abholbereit,2024-04-11,https://www.interdiscount.ch/de/smartphone--c411000/apple-iphone-14-plus-5g-128-gb-6-7-12-mp-violett--p0009071645
979880,APPLE,iPhone 11,449.0,128 GB,"6.1""",12 MP,,Schwarz,25,5.0,morgen geliefert,morgen abholbereit,2024-04-11,https://www.interdiscount.ch/de/smartphone--c411000/apple-iphone-11-128-gb-6-1-12-mp-schwarz--p0001903288
14070429,SAMSUNG,Galaxy S24+,949.0,256 GB,"6.7""",50 MP,5G,Marble Gray,,,morgen geliefert,morgen abholbereit,2024-04-11,https://www.interdiscount.ch/de/smartphone--c411000/samsung-galaxy-s24-256-gb-marble-gray-6-7-50-mp-5g--p0014070429
,XIAOMI,Redmi A2,80.45,32 GB,"6.52""",8 MP,,Hellblau,,,innerhalb 1 - 2 Wochen geliefert,innerhalb 1 - 2 Wochen abholbereit,2024-04-11,https://www.interdiscount.ch/de/smartphone--c411000/xiaomi-redmi-a2-32-gb-hellblau-6-52-8-mp--p0013925197
13944411,NOKIA,2660 Flip,69.95,128 MB,"2.8""",0.3 MP,,Rot,,2.5,morgen geliefert,morgen abholbereit,2024-04-11,https://www.interdiscount.ch/de/smartphone--c411000/nokia-2660-flip-128-mb-rot-2-8-0-3-mp--p0013944411
14025009,GOOGLE,Pixel 8 Pro,779.0,128 GB,"6.7""",50 MP,5G,Obsidian,,,morgen geliefert,morgen abholbereit,2024-04-11,https://www.interdiscount.ch/de/smartphone--c411000/google-pixel-8-pro-128-gb-obsidian-6-7-50-mp-5g--p0014025009
13959590,FAIRPHONE,Fairphone 5,629.95,256 GB,"6.46""",50 MP,5G,Mattschwarz,,5.0,morgen geliefert,morgen abholbereit,2024-04-11,https://www.interdiscount.ch/de/smartphone--c411000/fairphone-fairphone-5-256-gb-mattschwarz-6-46-50-mp-5g--p0013959590
13900931,SONY,Xperia 10 V,419.95,128 GB,"6.1""",48 MP,5G,Schwarz,,5.0,morgen geliefert,morgen abholbereit,2024-04-11,https://www.interdiscount.ch/de/smartphone--c411000/sony-xperia-10-v-128-gb-schwarz-6-1-48-mp-5g--p0013900931
5068650,EMPORIA,emporiaSIMPLICITYglam,74.95,0.06 GB,"2.8""",0 MP,,"Schwarz, Weiss",,3.0,morgen geliefert,morgen abholbereit,2024-04-11,https://www.interdiscount.ch/de/smartphone--c411000/emporia-emporiasimplicityglam-0-06-gb-schwarz-weiss-2-8-0-mp--p9005068650
9071651,APPLE,iPhone 14 Plus,829.0,256 GB,"6.7""",12 MP,5G,Mitternacht,,5.0,morgen geliefert,morgen abholbereit,2024-04-11,https://www.interdiscount.ch/de/smartphone--c411000/apple-iphone-14-plus-5g-256-gb-6-7-12-mp-mitternacht--p0009071651
14110924,NOTHING,Phone2a,329.95,128 GB,"6.7""",50 MP,5G,Schwarz,,,morgen geliefert,morgen abholbereit,2024-04-11,https://www.interdiscount.ch/de/smartphone--c411000/nothing-phone-2a-128-gb-schwarz-6-7-50-mp-5g--p0014110924
13685787,SAMSUNG,Galaxy S23,699.0,256 GB,"6.1""",50 MP,5G,Phantom Black,,5.0,morgen geliefert,morgen abholbereit,2024-04-11,https://www.interdiscount.ch/de/smartphone--c411000/samsung-galaxy-s23-5g-256-gb-6-1-50-mp-phantom-black--p0013685787
5025169,EMPORIA,Touch smart.2,149.0,8 GB,"3.25""",8 MP,,"Schwarz, Metallic",,,morgen geliefert,morgen abholbereit,2024-04-11,https://www.interdiscount.ch/de/smartphone--c411000/emporia-touch-smart-2-8-gb-3-25-8-mp-schwarz-metallic--p0005025169
13899680,APPLE,iPhone 15 Plus,949.0,256 GB,"6.7""",48 MP,5G,Grün,,5.0,morgen geliefert,morgen abholbereit,2024-04-11,https://www.interdiscount.ch/de/smartphone--c411000/apple-iphone-15-plus-256-gb-gr%C3%BCn-6-7-48-mp-5g--p0013899680
9071639,APPLE,iPhone 14,899.0,512 GB,"6.1""",12 MP,5G,Blau,,,morgen geliefert,morgen abholbereit,2024-04-11,https://www.interdiscount.ch/de/smartphone--c411000/apple-iphone-14-5g-512-gb-6-1-12-mp-blau--p0009071639
14032942,XIAOMI,Redmi Note 12,199.95,256 GB,"6.67""",50 MP,,Grau,,,innerhalb 1 - 2 Wochen geliefert,innerhalb 1 - 2 Wochen abholbereit,2024-04-11,https://www.interdiscount.ch/de/smartphone--c411000/xiaomi-redmi-note-12-256-gb-grau-6-67-50-mp--p0014032942
1023782,SAMSUNG,Galaxy S22,519.0,128 GB,"6.1""",50 MP,5G,Phantom Black,6,4.5,morgen geliefert,morgen abholbereit,2024-04-11,https://www.interdiscount.ch/de/smartphone--c411000/samsung-galaxy-s22-5g-128-gb-6-1-50-mp-phantom-black--p0002986161
9071643,APPLE,iPhone 14 Plus,729.0,128 GB,"6.7""",12 MP,5G,Mitternacht,3,4.5,morgen geliefert,morgen abholbereit,2024-04-11,https://www.interdiscount.ch/de/smartphone--c411000/apple-iphone-14-plus-5g-128-gb-6-7-12-mp-mitternacht--p0009071643
14070444,SAMSUNG,Galaxy S24 Ultra,1199.0,256 GB,"6.8""",200 MP,5G,Titanium Violet,,,morgen geliefert,morgen abholbereit,2024-04-11,https://www.interdiscount.ch/de/smartphone--c411000/samsung-galaxy-s24-ultra-256-gb-titanium-violet-6-8-200-mp-5g--p0014070444
13919219,SAMSUNG,Galaxy Z Flip 5,799.0,256 GB,"6.7""",12 MP,5G,Graphite,,,morgen geliefert,morgen abholbereit,2024-04-11,https://www.interdiscount.ch/de/smartphone--c411000/samsung-galaxy-z-flip-5-5g-256-gb-6-7-12-mp-graphite--p0013919219
14082866,XIAOMI,Redmi Note 13 Pro,279.95,256 GB,"6.67""",200 MP,,Waldgrün,,,morgen geliefert,morgen abholbereit,2024-04-11,https://www.interdiscount.ch/de/smartphone--c411000/xiaomi-redmi-note-13-pro-256-gb-waldgr%C3%BCn-6-67-200-mp--p0014082866
14070425,SAMSUNG,Galaxy S24,749.0,128 GB,"6.2""",50 MP,5G,Onyx Black,,,innerhalb 1 - 2 Wochen geliefert,innerhalb 1 - 2 Wochen abholbereit,2024-04-11,https://www.interdiscount.ch/de/smartphone--c411000/samsung-galaxy-s24-128-gb-onyx-black-6-2-50-mp-5g--p0014070425
1018407,APPLE,iPhone 13,749.0,512 GB,"6.1""",12 MP,5G,Mitternacht,,,morgen geliefert,morgen abholbereit,2024-04-11,https://www.interdiscount.ch/de/smartphone--c411000/apple-iphone-13-5g-512-gb-6-1-12-mp-mitternacht--p0002866486
14040951,SAMSUNG,Galaxy S23 FE,499.0,128 GB,"6.4""",50 MP,5G,Violett,,,in 3 - 4 Wochen geliefert,in 3 - 4 Wochen abholbereit,2024-04-11,https://www.interdiscount.ch/de/smartphone--c411000/samsung-galaxy-s23-fe-128-gb-violett-6-4-50-mp-5g--p0014040951
14085217,ASUS,ROG Phone 8 Pro,1099.95,512 GB,"6.78""",50 MP,5G,Phantom Black,,,morgen geliefert,morgen abholbereit,2024-04-11,https://www.interdiscount.ch/de/smartphone--c411000/asus-rog-phone-8-pro-512-gb-phantom-black-6-78-50-mp-5g--p0014085217
,XIAOMI,Redmi A2,80.45,32 GB,"6.52""",8 MP,,Hellgrün,,,innerhalb 1 - 2 Wochen geliefert,innerhalb 1 - 2 Wochen abholbereit,2024-04-11,https://www.interdiscount.ch/de/smartphone--c411000/xiaomi-redmi-a2-32-gb-6-52-8-mp-hellgr%C3%BCn--p0013925198
14070445,SAMSUNG,Galaxy S24 Ultra,1199.0,256 GB,"6.8""",200 MP,5G,Titanium Gray,,,morgen geliefert,morgen abholbereit,2024-04-11,https://www.interdiscount.ch/de/smartphone--c411000/samsung-galaxy-s24-ultra-256-gb-titanium-gray-6-8-200-mp-5g--p0014070445
13959591,FAIRPHONE,Fairphone 5,629.95,256 GB,"6.46""",50 MP,5G,Transparent,,4.0,morgen geliefert,morgen abholbereit,2024-04-11,https://www.interdiscount.ch/de/smartphone--c411000/fairphone-fairphone-5-256-gb-transparent-6-46-50-mp-5g--p0013959591
14040957,SAMSUNG,Galaxy A25 5G,269.95,128 GB,"6.5""",50 MP,5G,Blau,,,morgen geliefert,morgen abholbereit,2024-04-11,https://www.interdiscount.ch/de/smartphone--c411000/samsung-galaxy-a25-5g-128-gb-blau-6-5-50-mp-5g--p0014040957
9071652,APPLE,iPhone 14 Plus,829.0,256 GB,"6.7""",12 MP,5G,Polarstern,,,morgen geliefert,morgen abholbereit,2024-04-11,https://www.interdiscount.ch/de/smartphone--c411000/apple-iphone-14-plus-5g-256-gb-6-7-12-mp-polarstern--p0009071652
979863,APPLE,iPhone 11,399.0,64 GB,"6.1""",12 MP,,Schwarz,19,5.0,morgen geliefert,morgen abholbereit,2024-04-11,https://www.interdiscount.ch/de/smartphone--c411000/apple-iphone-11-64-gb-6-1-12-mp-schwarz--p0001903282
979862,APPLE,iPhone 11,399.0,64 GB,"6.1""",12 MP,,Weiss,9,4.5,morgen geliefert,morgen abholbereit,2024-04-11,https://www.interdiscount.ch/de/smartphone--c411000/apple-iphone-11-6-1-64-gb-12-mp-weiss--p0001903281
14070423,SAMSUNG,Galaxy S24,749.0,128 GB,"6.2""",50 MP,5G,Cobalt Violet,,,morgen geliefert,morgen abholbereit,2024-04-11,https://www.interdiscount.ch/de/smartphone--c411000/samsung-galaxy-s24-128-gb-cobalt-violet-6-2-50-mp-5g--p0014070423
14040948,SAMSUNG,Galaxy S23 FE,499.0,128 GB,"6.4""",50 MP,5G,Cream,,,morgen geliefert,morgen abholbereit,2024-04-11,https://www.interdiscount.ch/de/smartphone--c411000/samsung-galaxy-s23-fe-128-gb-cream-6-4-50-mp-5g--p0014040948
14007672,XIAOMI,Redmi Note 12 Pro 5G,279.95,256 GB,"6.67""",50 MP,5G,Midnight black,,,morgen geliefert,morgen abholbereit,2024-04-11,https://www.interdiscount.ch/de/smartphone--c411000/xiaomi-redmi-note-12-pro-5g-256-gb-midnight-black-6-67-50-mp-5g--p0014007672
12938699,GOOGLE,Pixel 7,419.0,128 GB,"6.3""",50 MP,5G,Obsidian,,5.0,innerhalb 1 - 2 Wochen geliefert,innerhalb 1 - 2 Wochen abholbereit,2024-04-11,https://www.interdiscount.ch/de/smartphone--c411000/google-pixel-7-128-gb-obsidian-6-3-50-mp-5g--p0012938699
14025123,GOOGLE,Pixel 8 Pro,779.0,128 GB,"6.7""",50 MP,5G,Blau,,,morgen geliefert,morgen abholbereit,2024-04-11,https://www.interdiscount.ch/de/smartphone--c411000/google-pixel-8-pro-128-gb-blau-6-7-50-mp-5g--p0014025123
9071647,APPLE,iPhone 14 Plus,729.0,128 GB,"6.7""",12 MP,5G,Blau,,5.0,morgen geliefert,morgen abholbereit,2024-04-11,https://www.interdiscount.ch/de/smartphone--c411000/apple-iphone-14-plus-5g-128-gb-6-7-12-mp-blau--p0009071647
14103185,SAMSUNG,Galaxy A35 5G,359.95,128 GB,"6.6""",50 MP,5G,Awesome Lemon,,,morgen geliefert,morgen abholbereit,2024-04-11,https://www.interdiscount.ch/de/smartphone--c411000/samsung-galaxy-a35-5g-128-gb-awesome-lemon-6-6-50-mp-5g--p0014103185
12938573,GOOGLE,Pixel 7 Pro,599.0,128 GB,"6.7""",50 MP,5G,Obsidian,,5.0,morgen geliefert,morgen abholbereit,2024-04-11,https://www.interdiscount.ch/de/smartphone--c411000/google-pixel-7-pro-128-gb-obsidian-6-7-50-mp-5g--p0012938573
13897326,GOOGLE,Pixel 7a,369.0,128 GB,"6.1""",64 MP,5G,Weiss,,,morgen geliefert,morgen abholbereit,2024-04-11,https://www.interdiscount.ch/de/smartphone--c411000/google-pixel-7a-128-gb-weiss-6-1-64-mp-5g--p0013897326
14070430,SAMSUNG,Galaxy S24+,1049.0,512 GB,"6.7""",50 MP,5G,Amber Yellow,,,morgen geliefert,morgen abholbereit,2024-04-11,https://www.interdiscount.ch/de/smartphone--c411000/samsung-galaxy-s24-512-gb-amber-yellow-6-7-50-mp-5g--p0014070430
8994687,NOKIA,8210,69.9,128 MB,"2.8""",0.3 MP,,Dunkelblau,,4.5,morgen geliefert,morgen abholbereit,2024-04-11,https://www.interdiscount.ch/de/smartphone--c411000/nokia-8210-128-mb-2-8-0-3-mp-dunkelblau--p0008994687
14027230,INOI,Note 13s,159.95,256 GB,"6.95""",13 MP,,Gold,,,innerhalb 1 - 2 Wochen geliefert,innerhalb 1 - 2 Wochen abholbereit,2024-04-11,https://www.interdiscount.ch/de/smartphone--c411000/inoi-note-13s-256-gb-gold-6-95-13-mp--p0014027230
1018409,APPLE,iPhone 13,749.0,512 GB,"6.1""",12 MP,5G,Rosé,,,morgen geliefert,morgen abholbereit,2024-04-11,https://www.interdiscount.ch/de/smartphone--c411000/apple-iphone-13-5g-512-gb-6-1-12-mp-ros%C3%A9--p0002866488
14070433,SAMSUNG,Galaxy S24+,949.0,256 GB,"6.7""",50 MP,5G,Cobalt Violet,,,morgen geliefert,morgen abholbereit,2024-04-11,https://www.interdiscount.ch/de/smartphone--c411000/samsung-galaxy-s24-256-gb-cobalt-violet-6-7-50-mp-5g--p0014070433
14025122,GOOGLE,Pixel 8 Pro,779.0,128 GB,"6.7""",50 MP,5G,Beige,,5.0,morgen geliefert,morgen abholbereit,2024-04-11,https://www.interdiscount.ch/de/smartphone--c411000/google-pixel-8-pro-128-gb-beige-6-7-50-mp-5g--p0014025122
14103186,SAMSUNG,Galaxy A35 5G,419.95,256 GB,"6.6""",50 MP,5G,Awesome Navy,,,morgen geliefert,morgen abholbereit,2024-04-11,https://www.interdiscount.ch/de/smartphone--c411000/samsung-galaxy-a35-5g-256-gb-awesome-navy-6-6-50-mp-5g--p0014103186
14084363,MOTOROLA,Moto G54 5G,199.95,256 GB,"6.5""",50 MP,5G,Blau,,,innerhalb 1 - 2 Wochen geliefert,innerhalb 1 - 2 Wochen abholbereit,2024-04-11,https://www.interdiscount.ch/de/smartphone--c411000/motorola-moto-g54-5g-256-gb-blau-6-5-50-mp-5g--p0014084363
13942454,EMPORIA,SMART.5 mini,179.95,64 GB,"4.95""",13 MP,,"Silber, Schwarz",,5.0,innerhalb 1 - 2 Wochen geliefert,innerhalb 1 - 2 Wochen abholbereit,2024-04-11,https://www.interdiscount.ch/de/smartphone--c411000/emporia-smart-5-mini-64-gb-silber-schwarz-4-95-13-mp--p0013942454
14070432,SAMSUNG,Galaxy S24+,1049.0,512 GB,"6.7""",50 MP,5G,Cobalt Violet,,,morgen geliefert,morgen abholbereit,2024-04-11,https://www.interdiscount.ch/de/smartphone--c411000/samsung-galaxy-s24-512-gb-cobalt-violet-6-7-50-mp-5g--p0014070432
13685781,SAMSUNG,Galaxy S23,629.0,128 GB,"6.1""",50 MP,5G,Phantom Black,,4.5,morgen geliefert,morgen abholbereit,2024-04-11,https://www.interdiscount.ch/de/smartphone--c411000/samsung-galaxy-s23-5g-128-gb-6-1-50-mp-phantom-black--p0013685781
13900934,SONY,Xperia 10 V,419.95,128 GB,"6.1""",48 MP,5G,Grün,,,morgen geliefert,morgen abholbereit,2024-04-11,https://www.interdiscount.ch/de/smartphone--c411000/sony-xperia-10-v-5g-128-gb-6-1-48-mp-gr%C3%BCn--p0013900934
14082861,XIAOMI,Redmi Note 13,199.95,256 GB,"6.67""",108 MP,,Eisblau,,,innerhalb 1 - 2 Wochen geliefert,innerhalb 1 - 2 Wochen abholbereit,2024-04-11,https://www.interdiscount.ch/de/smartphone--c411000/xiaomi-redmi-note-13-256-gb-eisblau-6-67-108-mp--p0014082861
14025129,GOOGLE,Pixel 8,589.0,128 GB,"6.2""",50 MP,5G,Hazel,,,morgen geliefert,morgen abholbereit,2024-04-11,https://www.interdiscount.ch/de/smartphone--c411000/google-pixel-8-128-gb-hazel-6-2-50-mp-5g--p0014025129
14030581,XIAOMI,Redmi Note 12 Pro,249.95,256 GB,"6.67""",50 MP,5G,Weiss,,,morgen geliefert,morgen abholbereit,2024-04-11,https://www.interdiscount.ch/de/smartphone--c411000/xiaomi-redmi-note-12-pro-256-gb-weiss-6-67-50-mp-5g--p0014030581
13899687,APPLE,iPhone 15 Plus,1149.0,512 GB,"6.7""",48 MP,5G,Blau,,,morgen geliefert,morgen abholbereit,2024-04-11,https://www.interdiscount.ch/de/smartphone--c411000/apple-iphone-15-plus-512-gb-blau-6-7-48-mp-5g--p0013899687
13899660,APPLE,iPhone 15,1049.0,512 GB,"6.1""",48 MP,5G,Schwarz,,,morgen geliefert,morgen abholbereit,2024-04-11,https://www.interdiscount.ch/de/smartphone--c411000/apple-iphone-15-512-gb-schwarz-6-1-48-mp-5g--p0013899660
9071659,APPLE,iPhone 14 Plus,999.0,512 GB,"6.7""",12 MP,5G,Mitternacht,,5.0,morgen geliefert,morgen abholbereit,2024-04-11,https://www.interdiscount.ch/de/smartphone--c411000/apple-iphone-14-plus-5g-512-gb-6-7-12-mp-mitternacht--p0009071659
14070443,SAMSUNG,Galaxy S24 Ultra,1199.0,256 GB,"6.8""",200 MP,5G,Titanium Yellow,,,morgen geliefert,morgen abholbereit,2024-04-11,https://www.interdiscount.ch/de/smartphone--c411000/samsung-galaxy-s24-ultra-256-gb-titanium-yellow-6-8-200-mp-5g--p0014070443
14025124,GOOGLE,Pixel 8 Pro,929.0,256 GB,"6.7""",50 MP,5G,Obsidian,,,morgen geliefert,morgen abholbereit,2024-04-11,https://www.interdiscount.ch/de/smartphone--c411000/google-pixel-8-pro-256-gb-obsidian-6-7-50-mp-5g--p0014025124
14040949,SAMSUNG,Galaxy S23 FE,629.0,256 GB,"6.4""",50 MP,5G,Cream,,5.0,morgen geliefert,morgen abholbereit,2024-04-11,https://www.interdiscount.ch/de/smartphone--c411000/samsung-galaxy-s23-fe-256-gb-cream-6-4-50-mp-5g--p0014040949
13685786,SAMSUNG,Galaxy S23,629.0,128 GB,"6.1""",50 MP,5G,Lavender,,,morgen geliefert,morgen abholbereit,2024-04-11,https://www.interdiscount.ch/de/smartphone--c411000/samsung-galaxy-s23-5g-128-gb-6-1-50-mp-lavender--p0013685786
14103197,SAMSUNG,Galaxy A55 5G,429.95,128 GB,"6.6""",50 MP,5G,Awesome Lemon,,,morgen geliefert,morgen abholbereit,2024-04-11,https://www.interdiscount.ch/de/smartphone--c411000/samsung-galaxy-a55-5g-128-gb-awesome-lemon-6-6-50-mp-5g--p0014103197
13928107,INOI,A83,139.95,128 GB,"6.5""",48 MP,,Schwarz,,3.0,morgen geliefert,morgen abholbereit,2024-04-11,https://www.interdiscount.ch/de/smartphone--c411000/inoi-a83-128-gb-6-5-48-mp-schwarz--p0013928107
6242451,APPLE,iPhone 13,749.0,512 GB,"6.1""",12 MP,5G,Grün,,,morgen geliefert,morgen abholbereit,2024-04-11,https://www.interdiscount.ch/de/smartphone--c411000/apple-iphone-13-5g-512-gb-6-1-12-mp-gr%C3%BCn--p0006242451
997925,APPLE,iPhone 12,459.0,64 GB,"6.1""",12 MP,5G,Grün,3,3.5,morgen geliefert,morgen abholbereit,2024-04-11,https://www.interdiscount.ch/de/smartphone--c411000/apple-iphone-12-5g-6-1-64-gb-12-mp-gr%C3%BCn--p0002551074
14070436,SAMSUNG,Galaxy S24+,1049.0,512 GB,"6.7""",50 MP,5G,Marble Gray,,,morgen geliefert,morgen abholbereit,2024-04-11,https://www.interdiscount.ch/de/smartphone--c411000/samsung-galaxy-s24-512-gb-marble-gray-6-7-50-mp-5g--p0014070436
14103188,SAMSUNG,Galaxy A35 5G,419.95,256 GB,"6.6""",50 MP,5G,Awesome Lilac,,,morgen geliefert,morgen abholbereit,2024-04-11,https://www.interdiscount.ch/de/smartphone--c411000/samsung-galaxy-a35-5g-256-gb-awesome-lilac-6-6-50-mp-5g--p0014103188
13928109,INOI,Note 13s,159.95,256 GB,"6.95""",13 MP,,Space Grau,,5.0,morgen geliefert,morgen abholbereit,2024-04-11,https://www.interdiscount.ch/de/smartphone--c411000/inoi-note-13s-256-gb-6-95-13-mp-space-grau--p0013928109
12938814,GOOGLE,Pixel 7,469.0,256 GB,"6.3""",50 MP,5G,"Obsidian, Schwarz",,,morgen geliefert,morgen abholbereit,2024-04-11,https://www.interdiscount.ch/de/smartphone--c411000/google-pixel-7-5g-256-gb-6-3-50-mp-obsidian-schwarz--p0012938814
14118692,TCL,40 406s,99.95,64 GB,"6.6""",13 MP,,Dark Grey,,,morgen geliefert,morgen abholbereit,2024-04-11,https://www.interdiscount.ch/de/smartphone--c411000/tcl-40-406s-64-gb-dark-grey-6-6-13-mp--p0014118692
14070428,SAMSUNG,Galaxy S24,749.0,128 GB,"6.2""",50 MP,5G,Marble Gray,,,morgen geliefert,morgen abholbereit,2024-04-11,https://www.interdiscount.ch/de/smartphone--c411000/samsung-galaxy-s24-128-gb-marble-gray-6-2-50-mp-5g--p0014070428
14011840,MOTOROLA,Edge 40 Neo,339.95,256 GB,"6.55""",50 MP,5G,Schwarz,,5.0,morgen geliefert,morgen abholbereit,2024-04-11,https://www.interdiscount.ch/de/smartphone--c411000/motorola-edge-40-neo-256-gb-schwarz-6-55-50-mp-5g--p0014011840
8994686,NOKIA,2660 Flip,69.95,128 MB,"2.8""",0.3 MP,,Schwarz,,4.0,morgen geliefert,morgen abholbereit,2024-04-11,https://www.interdiscount.ch/de/smartphone--c411000/nokia-2660-flip-128-mb-2-8-0-3-mp-schwarz--p0008994686
13899678,APPLE,iPhone 15 Plus,949.0,256 GB,"6.7""",48 MP,5G,Gelb,,,morgen geliefert,morgen abholbereit,2024-04-11,https://www.interdiscount.ch/de/smartphone--c411000/apple-iphone-15-plus-256-gb-gelb-6-7-48-mp-5g--p0013899678
13899670,APPLE,iPhone 15 Plus,849.0,128 GB,"6.7""",48 MP,5G,Gelb,,,Liefertermin unbekannt,Liefertermin unbekannt,2024-04-11,https://www.interdiscount.ch/de/smartphone--c411000/apple-iphone-15-plus-128-gb-gelb-6-7-48-mp-5g--p0013899670
13900933,SONY,Xperia 10 V,419.95,128 GB,"6.1""",48 MP,5G,Lavender,,5.0,morgen geliefert,morgen abholbereit,2024-04-11,https://www.interdiscount.ch/de/smartphone--c411000/sony-xperia-10-v-5g-128-gb-6-1-48-mp-lavender--p0013900933
14032943,XIAOMI,Redmi Note 12,199.95,256 GB,"6.67""",50 MP,,Blau,,,morgen geliefert,morgen abholbereit,2024-04-11,https://www.interdiscount.ch/de/smartphone--c411000/xiaomi-redmi-note-12-256-gb-blau-6-67-50-mp--p0014032943
13685806,SAMSUNG,Galaxy A34 5G,319.95,128 GB,"6.6""",48 MP,5G,Awesome Lime,,,morgen geliefert,morgen abholbereit,2024-04-11,https://www.interdiscount.ch/de/smartphone--c411000/samsung-galaxy-a34-5g-5g-128-gb-6-6-48-mp-awesome-lime--p0013685806
13801128,INOI,A63,99.95,32 GB,"6.5""",13 MP,,Schwarz,,,morgen geliefert,morgen abholbereit,2024-04-11,https://www.interdiscount.ch/de/smartphone--c411000/inoi-a63-32-gb-6-5-13-mp-schwarz--p0013801128
13922050,OPPO,A78,179.95,128 GB,"6.43""",50 MP,,Grün,,,morgen geliefert,morgen abholbereit,2024-04-11,https://www.interdiscount.ch/de/smartphone--c411000/oppo-a78-128-gb-6-43-50-mp-gr%C3%BCn--p0013922050
14011841,MOTOROLA,Edge 40 Neo,339.95,256 GB,"6.55""",50 MP,5G,Grün,,5.0,morgen geliefert,morgen abholbereit,2024-04-11,https://www.interdiscount.ch/de/smartphone--c411000/motorola-edge-40-neo-256-gb-gr%C3%BCn-6-55-50-mp-5g--p0014011841
14118694,TCL,505,139.95,128 GB,"6.75""",50 MP,,Grau,,,morgen geliefert,morgen abholbereit,2024-04-11,https://www.interdiscount.ch/de/smartphone--c411000/tcl-505-128-gb-grau-6-75-50-mp--p0014118694
13916334,NOKIA,G42,229.95,128 GB,"6.56""",50 MP,5G,Grau,,,morgen geliefert,morgen abholbereit,2024-04-11,https://www.interdiscount.ch/de/smartphone--c411000/nokia-g42-128-gb-grau-6-56-50-mp-5g--p0013916334
13816499,APPLE,iPhone 14 Plus,729.0,128 GB,"6.7""",12 MP,5G,Gelb,,5.0,morgen geliefert,morgen abholbereit,2024-04-11,https://www.interdiscount.ch/de/smartphone--c411000/apple-iphone-14-plus-5g-128-gb-6-7-12-mp-gelb--p0013816499
14110927,NOTHING,Phone2a,379.95,256 GB,"6.7""",50 MP,5G,Weiss,,,innerhalb 1 - 2 Wochen geliefert,innerhalb 1 - 2 Wochen abholbereit,2024-04-11,https://www.interdiscount.ch/de/smartphone--c411000/nothing-phone-2a-256-gb-weiss-6-7-50-mp-5g--p0014110927
14040958,SAMSUNG,Galaxy A25 5G,269.95,128 GB,"6.5""",50 MP,5G,Gelb,,,morgen geliefert,morgen abholbereit,2024-04-11,https://www.interdiscount.ch/de/smartphone--c411000/samsung-galaxy-a25-5g-128-gb-gelb-6-5-50-mp-5g--p0014040958
14082857,XIAOMI,Redmi Note 13,179.95,128 GB,"6.67""",108 MP,,Eisblau,,,morgen geliefert,morgen abholbereit,2024-04-11,https://www.interdiscount.ch/de/smartphone--c411000/xiaomi-redmi-note-13-128-gb-eisblau-6-67-108-mp--p0014082857
13942453,EMPORIA,Smart.6,379.95,128 GB,"6.58""",50 MP,5G,"Silber, Schwarz",,,morgen geliefert,morgen abholbereit,2024-04-11,https://www.interdiscount.ch/de/smartphone--c411000/emporia-smart-6-128-gb-silber-schwarz-6-58-50-mp-5g--p0013942453
14070426,SAMSUNG,Galaxy S24,749.0,128 GB,"6.2""",50 MP,5G,Amber Yellow,,,morgen geliefert,morgen abholbereit,2024-04-11,https://www.interdiscount.ch/de/smartphone--c411000/samsung-galaxy-s24-128-gb-amber-yellow-6-2-50-mp-5g--p0014070426
12945387,GOOGLE,Pixel 7,429.0,128 GB,"6.3""",50 MP,5G,Snow,3,5.0,morgen geliefert,morgen abholbereit,2024-04-11,https://www.interdiscount.ch/de/smartphone--c411000/google-pixel-7-128-gb-snow-6-3-50-mp-5g--p0012945387
13899688,APPLE,iPhone 15 Plus,1149.0,512 GB,"6.7""",48 MP,5G,Grün,,,morgen geliefert,morgen abholbereit,2024-04-11,https://www.interdiscount.ch/de/smartphone--c411000/apple-iphone-15-plus-512-gb-gr%C3%BCn-6-7-48-mp-5g--p0013899688
13816500,APPLE,iPhone 14 Plus,829.0,256 GB,"6.7""",12 MP,5G,Gelb,,,morgen geliefert,morgen abholbereit,2024-04-11,https://www.interdiscount.ch/de/smartphone--c411000/apple-iphone-14-plus-5g-256-gb-6-7-12-mp-gelb--p0013816500
1018411,APPLE,iPhone 13,749.0,512 GB,"6.1""",12 MP,5G,Blau,,,morgen geliefert,morgen abholbereit,2024-04-11,https://www.interdiscount.ch/de/smartphone--c411000/apple-iphone-13-5g-512-gb-6-1-12-mp-blau--p0002866490
1018408,APPLE,iPhone 13,749.0,512 GB,"6.1""",12 MP,5G,Polarstern,,,morgen geliefert,morgen abholbereit,2024-04-11,https://www.interdiscount.ch/de/smartphone--c411000/apple-iphone-13-5g-512-gb-6-1-12-mp-polarstern--p0002866487
9071630,APPLE,iPhone 14,729.0,256 GB,"6.1""",12 MP,5G,(PRODUCT)RED,,,morgen geliefert,morgen abholbereit,2024-04-11,https://www.interdiscount.ch/de/smartphone--c411000/apple-iphone-14-5g-256-gb-6-1-12-mp-product-red--p0009071630
,XIAOMI,Redmi 9A,76.6,32 GB,"6.53""",13 MP,,Grau,13,4.5,innerhalb 1 - 2 Wochen geliefert,innerhalb 1 - 2 Wochen abholbereit,2024-04-11,https://www.interdiscount.ch/de/smartphone--c411000/xiaomi-redmi-9a-32-gb-6-53-13-mp-grau--p0002500851
983651,EMPORIA,Active V50,69.95,,"2.31""",2 MP,,Schwarz,3,4.5,morgen geliefert,morgen abholbereit,2024-04-11,https://www.interdiscount.ch/de/smartphone--c411000/emporia-active-v50-schwarz-2-31-2-mp--p0001988333
14011842,MOTOROLA,Edge 40 Neo,339.95,256 GB,"6.55""",50 MP,5G,Blau,,5.0,morgen geliefert,morgen abholbereit,2024-04-11,https://www.interdiscount.ch/de/smartphone--c411000/motorola-edge-40-neo-256-gb-blau-6-55-50-mp-5g--p0014011842
14025140,GOOGLE,Pixel 8,669.0,256 GB,"6.2""",50 MP,5G,Obsidian,,5.0,morgen geliefert,morgen abholbereit,2024-04-11,https://www.interdiscount.ch/de/smartphone--c411000/google-pixel-8-256-gb-obsidian-6-2-50-mp-5g--p0014025140
13899686,APPLE,iPhone 15 Plus,1149.0,512 GB,"6.7""",48 MP,5G,Gelb,,,morgen geliefert,morgen abholbereit,2024-04-11,https://www.interdiscount.ch/de/smartphone--c411000/apple-iphone-15-plus-512-gb-gelb-6-7-48-mp-5g--p0013899686
14025143,GOOGLE,Pixel 8,669.0,256 GB,"6.2""",50 MP,5G,Rosa,,,morgen geliefert,morgen abholbereit,2024-04-11,https://www.interdiscount.ch/de/smartphone--c411000/google-pixel-8-256-gb-rosa-6-2-50-mp-5g--p0014025143
14110926,NOTHING,Phone2a,329.95,128 GB,"6.7""",50 MP,5G,Weiss,,,morgen geliefert,morgen abholbereit,2024-04-11,https://www.interdiscount.ch/de/smartphone--c411000/nothing-phone-2a-128-gb-weiss-6-7-50-mp-5g--p0014110926
14102406,XIAOMI,14,1079.0,512 GB,"6.36""",50 MP,5G,Schwarz,,,morgen geliefert,morgen abholbereit,2024-04-11,https://www.interdiscount.ch/de/smartphone--c411000/xiaomi-14-512-gb-schwarz-6-36-50-mp-5g--p0014102406
,NOKIA,225 4G,56.85,64 MB,"2.4""",0.3 MP,,Blau,,4.5,innerhalb 1 - 2 Wochen geliefert,innerhalb 1 - 2 Wochen abholbereit,2024-04-11,https://www.interdiscount.ch/de/smartphone--c411000/nokia-225-4g-64-mb-2-4-0-3-mp-blau--p0002555575
13919223,SAMSUNG,Galaxy Z Flip 5,799.0,256 GB,"6.7""",12 MP,5G,Mint,,,innerhalb 1 - 2 Wochen geliefert,innerhalb 1 - 2 Wochen abholbereit,2024-04-11,https://www.interdiscount.ch/de/smartphone--c411000/samsung-galaxy-z-flip-5-5g-256-gb-6-7-12-mp-mint--p0013919223
,INOI,A62,85.15,64 GB,"6.1""",13 MP,,Schwarz,,,innerhalb 1 - 2 Wochen geliefert,innerhalb 1 - 2 Wochen abholbereit,2024-04-11,https://www.interdiscount.ch/de/smartphone--c411000/inoi-a62-64-gb-schwarz-6-1-13-mp--p0013930188
13927200,EMPORIA,Joy Lte V228,84.95,0.13 GB,"2.8""",2 MP,,Rot,,,,,2024-04-11,https://www.interdiscount.ch/de/smartphone--c411000/emporia-joy-lte-v228-0-13-gb-rot-2-8-2-mp--p0013927200
13929428,NOTHING,Phone256 GB,596.95,256 GB,"6.7""",50 MP,2) (5G,Grau,3,5.0,morgen geliefert,morgen abholbereit,2024-04-11,https://www.interdiscount.ch/de/smartphone--c411000/nothing-phone-2-5g-256-gb-6-7-50-mp-grau--p0013929428
13859259,NOKIA,XR21,519.95,128 GB,"6.49""",64 MP,5G,Schwarz,,,innerhalb 1 - 2 Wochen geliefert,innerhalb 1 - 2 Wochen abholbereit,2024-04-11,https://www.interdiscount.ch/de/smartphone--c411000/nokia-xr21-5g-128-gb-6-49-64-mp-schwarz--p0013859259
14110207,TCL,OneTouch 4043,79.95,128 MB,"3.2""",2 MP,,Grau,,,morgen geliefert,morgen abholbereit,2024-04-11,https://www.interdiscount.ch/de/smartphone--c411000/tcl-onetouch-4043-128-mb-grau-3-2-2-mp--p0014110207
13899661,APPLE,iPhone 15,1049.0,512 GB,"6.1""",48 MP,5G,Pink,,,morgen geliefert,morgen abholbereit,2024-04-11,https://www.interdiscount.ch/de/smartphone--c411000/apple-iphone-15-512-gb-pink-6-1-48-mp-5g--p0013899661
9071660,APPLE,iPhone 14 Plus,999.0,512 GB,"6.7""",12 MP,5G,Polarstern,,5.0,morgen geliefert,morgen abholbereit,2024-04-11,https://www.interdiscount.ch/de/smartphone--c411000/apple-iphone-14-plus-5g-512-gb-6-7-12-mp-polarstern--p0009071660
9071654,APPLE,iPhone 14 Plus,829.0,256 GB,"6.7""",12 MP,5G,(PRODUCT)RED,,,morgen geliefert,morgen abholbereit,2024-04-11,https://www.interdiscount.ch/de/smartphone--c411000/apple-iphone-14-plus-5g-256-gb-6-7-12-mp-product-red--p0009071654
9071655,APPLE,iPhone 14 Plus,829.0,256 GB,"6.7""",12 MP,5G,Blau,,,morgen geliefert,morgen abholbereit,2024-04-11,https://www.interdiscount.ch/de/smartphone--c411000/apple-iphone-14-plus-5g-256-gb-6-7-12-mp-blau--p0009071655
14025125,GOOGLE,Pixel 8 Pro,929.0,256 GB,"6.7""",50 MP,5G,Beige,,,morgen geliefert,morgen abholbereit,2024-04-11,https://www.interdiscount.ch/de/smartphone--c411000/google-pixel-8-pro-256-gb-beige-6-7-50-mp-5g--p0014025125
13859257,NOKIA,Nokia C22,129.0,64 GB,"6.52""",13 MP,,Schwarz,,5.0,morgen geliefert,morgen abholbereit,2024-04-11,https://www.interdiscount.ch/de/smartphone--c411000/nokia-nokia-c22-64-gb-schwarz-6-52-13-mp--p0013859257
14070431,SAMSUNG,Galaxy S24+,949.0,256 GB,"6.7""",50 MP,5G,Amber Yellow,,,morgen geliefert,morgen abholbereit,2024-04-11,https://www.interdiscount.ch/de/smartphone--c411000/samsung-galaxy-s24-256-gb-amber-yellow-6-7-50-mp-5g--p0014070431
14025141,GOOGLE,Pixel 8,589.0,128 GB,"6.2""",50 MP,5G,Rosa,,,morgen geliefert,morgen abholbereit,2024-04-11,https://www.interdiscount.ch/de/smartphone--c411000/google-pixel-8-128-gb-rosa-6-2-50-mp-5g--p0014025141
14103182,SAMSUNG,Galaxy A35 5G,419.95,256 GB,"6.6""",50 MP,5G,Awesome Iceblue,,,morgen geliefert,morgen abholbereit,2024-04-11,https://www.interdiscount.ch/de/smartphone--c411000/samsung-galaxy-a35-5g-256-gb-awesome-iceblue-6-6-50-mp-5g--p0014103182
,XIAOMI,Redmi 10,179.0,64 GB,"6.85""",50 MP,5G,"Graphite Gray, Schwarz",,,innerhalb 1 - 2 Wochen geliefert,innerhalb 1 - 2 Wochen abholbereit,2024-04-11,https://www.interdiscount.ch/de/smartphone--c411000/xiaomi-redmi-10-64-gb-graphite-gray-schwarz-6-85-50-mp-5g--p0014061428
12310217,GIGASET,GS5 Senior,239.95,64 GB,"6.3""",48 MP,,Dark Titanium Grey,,,innerhalb 1 - 2 Wochen geliefert,innerhalb 1 - 2 Wochen abholbereit,2024-04-11,https://www.interdiscount.ch/de/smartphone--c411000/gigaset-gs5-senior-64-gb-6-3-48-mp-dark-titanium-grey--p0012310217
14119719,EMPORIA,Emporia ME6,299.95,128 GB,"6.58""",50 MP,5G,Schwarz,,,in 3 - 4 Wochen geliefert,in 3 - 4 Wochen abholbereit,2024-04-11,https://www.interdiscount.ch/de/smartphone--c411000/emporia-emporia-me6-128-gb-schwarz-6-58-50-mp-5g--p0014119719
14025126,GOOGLE,Pixel 8 Pro,929.0,256 GB,"6.7""",50 MP,5G,Blau,,,morgen geliefert,morgen abholbereit,2024-04-11,https://www.interdiscount.ch/de/smartphone--c411000/google-pixel-8-pro-256-gb-blau-6-7-50-mp-5g--p0014025126
,XIAOMI,Redmi 12,163.6,256 GB,"6.79""",50 MP,,"Sky Blue, Blau",,5.0,innerhalb 1 - 2 Wochen geliefert,innerhalb 1 - 2 Wochen abholbereit,2024-04-11,https://www.interdiscount.ch/de/smartphone--c411000/xiaomi-redmi-12-256-gb-sky-blue-blau-6-79-50-mp--p0014036101
13899684,APPLE,iPhone 15 Plus,1149.0,512 GB,"6.7""",48 MP,5G,Schwarz,,,innerhalb 1 - 2 Wochen geliefert,innerhalb 1 - 2 Wochen abholbereit,2024-04-11,https://www.interdiscount.ch/de/smartphone--c411000/apple-iphone-15-plus-512-gb-schwarz-6-7-48-mp-5g--p0013899684
14110479,ASUS,Zenfone 11 Ultra,899.95,512 GB,"6.78""",50 MP,5G,Blau,,,,,2024-04-11,https://www.interdiscount.ch/de/smartphone--c411000/asus-zenfone-11-ultra-512-gb-blau-6-78-50-mp-5g--p0014110479
13899662,APPLE,iPhone 15,1049.0,512 GB,"6.1""",48 MP,5G,Gelb,,,Liefertermin unbekannt,Liefertermin unbekannt,2024-04-11,https://www.interdiscount.ch/de/smartphone--c411000/apple-iphone-15-512-gb-gelb-6-1-48-mp-5g--p0013899662
9071662,APPLE,iPhone 14 Plus,999.0,512 GB,"6.7""",12 MP,5G,(PRODUCT)RED,,,morgen geliefert,morgen abholbereit,2024-04-11,https://www.interdiscount.ch/de/smartphone--c411000/apple-iphone-14-plus-5g-512-gb-6-7-12-mp-product-red--p0009071662
9071663,APPLE,iPhone 14 Plus,999.0,512 GB,"6.7""",12 MP,5G,Blau,,,morgen geliefert,morgen abholbereit,2024-04-11,https://www.interdiscount.ch/de/smartphone--c411000/apple-iphone-14-plus-5g-512-gb-6-7-12-mp-blau--p0009071663
9071638,APPLE,iPhone 14,899.0,512 GB,"6.1""",12 MP,5G,(PRODUCT)RED,,,morgen geliefert,morgen abholbereit,2024-04-11,https://www.interdiscount.ch/de/smartphone--c411000/apple-iphone-14-5g-512-gb-6-1-12-mp-product-red--p0009071638
1018410,APPLE,iPhone 13,749.0,512 GB,"6.1""",12 MP,5G,(PRODUCT)RED,,,morgen geliefert,morgen abholbereit,2024-04-11,https://www.interdiscount.ch/de/smartphone--c411000/apple-iphone-13-5g-512-gb-6-1-12-mp-product-red--p0002866489
9376425,ASUS,Zenfone 9,599.95,256 GB,"5.9""",50 MP,5G,Moonlight White,,,morgen geliefert,morgen abholbereit,2024-04-11,https://www.interdiscount.ch/de/smartphone--c411000/asus-zenfone-9-5g-256-gb-5-9-50-mp-moonlight-white--p0009376425
13815890,NOKIA,G22,149.95,64 GB,"6.52""",50 MP,,Grey,,5.0,morgen geliefert,morgen abholbereit,2024-04-11,https://www.interdiscount.ch/de/smartphone--c411000/nokia-g22-64-gb-6-52-50-mp-grey--p0013815890
14025128,GOOGLE,Pixel 8,589.0,128 GB,"6.2""",50 MP,5G,Obsidian,,,morgen geliefert,morgen abholbereit,2024-04-11,https://www.interdiscount.ch/de/smartphone--c411000/google-pixel-8-128-gb-obsidian-6-2-50-mp-5g--p0014025128
14040946,INOI,288s,79.95,128 MB,"2""",0.3 MP,,Silber,,,morgen geliefert,morgen abholbereit,2024-04-11,https://www.interdiscount.ch/de/smartphone--c411000/inoi-288s-128-mb-silber-2-0-3-mp--p0014040946
13685780,SAMSUNG,Galaxy S23,699.0,256 GB,"6.1""",50 MP,5G,Grün,3,5.0,innerhalb 1 - 2 Wochen geliefert,innerhalb 1 - 2 Wochen abholbereit,2024-04-11,https://www.interdiscount.ch/de/smartphone--c411000/samsung-galaxy-s23-5g-256-gb-6-1-50-mp-gr%C3%BCn--p0013685780
14109384,GOOGLE,Pixel Fold,1699.0,256 GB,"7.6""",48 MP,5G,Obsidian black,,,innerhalb 1 - 2 Wochen geliefert,innerhalb 1 - 2 Wochen abholbereit,2024-04-11,https://www.interdiscount.ch/de/smartphone--c411000/google-pixel-fold-256-gb-obsidian-black-7-6-48-mp-5g--p0014109384
13899664,APPLE,iPhone 15,1049.0,512 GB,"6.1""",48 MP,5G,Grün,,,morgen geliefert,morgen abholbereit,2024-04-11,https://www.interdiscount.ch/de/smartphone--c411000/apple-iphone-15-512-gb-gr%C3%BCn-6-1-48-mp-5g--p0013899664
9071661,APPLE,iPhone 14 Plus,999.0,512 GB,"6.7""",12 MP,5G,Violett,,,morgen geliefert,morgen abholbereit,2024-04-11,https://www.interdiscount.ch/de/smartphone--c411000/apple-iphone-14-plus-5g-512-gb-6-7-12-mp-violett--p0009071661
13816793,APPLE,iPhone 14,629.0,128 GB,"6.1""",12 MP,5G,Gelb,3,5.0,,,2024-04-11,https://www.interdiscount.ch/de/smartphone--c411000/apple-iphone-14-5g-128-gb-6-1-12-mp-gelb--p0013816793
13900932,SONY,Xperia 10 V,419.95,128 GB,"6.1""",48 MP,5G,Weiss,,,morgen geliefert,morgen abholbereit,2024-04-11,https://www.interdiscount.ch/de/smartphone--c411000/sony-xperia-10-v-5g-128-gb-6-1-48-mp-weiss--p0013900932
,DORO,6880,99.95,,"2.8""",2 MP,,"Rot, Weiss",,,innerhalb 1 - 2 Wochen geliefert,innerhalb 1 - 2 Wochen abholbereit,2024-04-11,https://www.interdiscount.ch/de/smartphone--c411000/doro-6880-2-8-2-mp-rot-weiss--p0006402940
13685802,SAMSUNG,Galaxy S23 Ultra,849.0,256 GB,"6.8""",200 MP,5G,Lavender,3,4.5,morgen geliefert,morgen abholbereit,2024-04-11,https://www.interdiscount.ch/de/smartphone--c411000/samsung-galaxy-s23-ultra-5g-256-gb-6-8-200-mp-lavender--p0013685802
,DORO,8100 +,185.0,32 GB,"6.1""",13 MP,,"Schwarz, Pink",,,innerhalb 1 - 2 Wochen geliefert,innerhalb 1 - 2 Wochen abholbereit,2024-04-11,https://www.interdiscount.ch/de/smartphone--c411000/doro-8100-32-gb-schwarz-pink-6-1-13-mp--p0013326136
14025142,GOOGLE,Pixel 8,669.0,256 GB,"6.2""",50 MP,5G,Hazel,,,morgen geliefert,morgen abholbereit,2024-04-11,https://www.interdiscount.ch/de/smartphone--c411000/google-pixel-8-256-gb-hazel-6-2-50-mp-5g--p0014025142
13685784,SAMSUNG,Galaxy S23,629.0,128 GB,"6.1""",50 MP,5G,Creme,,,morgen geliefert,morgen abholbereit,2024-04-11,https://www.interdiscount.ch/de/smartphone--c411000/samsung-galaxy-s23-5g-128-gb-6-1-50-mp-creme--p0013685784
13685782,SAMSUNG,Galaxy S23,629.0,128 GB,"6.1""",50 MP,5G,Grün,,,morgen geliefert,morgen abholbereit,2024-04-11,https://www.interdiscount.ch/de/smartphone--c411000/samsung-galaxy-s23-5g-128-gb-6-1-50-mp-gr%C3%BCn--p0013685782
,NOKIA,C32,131.1,64 GB,"6.52""",50 MP,,"Charcoal, Schwarz",,,innerhalb 1 - 2 Wochen geliefert,innerhalb 1 - 2 Wochen abholbereit,2024-04-11,https://www.interdiscount.ch/de/smartphone--c411000/nokia-c32-64-gb-charcoal-schwarz-6-52-50-mp--p0013859258
,DORO,6820,86.25,,"2.8""",2 MP,,"Schwarz, Weiss",,,innerhalb 1 - 2 Wochen geliefert,innerhalb 1 - 2 Wochen abholbereit,2024-04-11,https://www.interdiscount.ch/de/smartphone--c411000/doro-6820-2-8-2-mp-schwarz-weiss--p0006393162
13929429,NOTHING,Phone512 GB,649.95,512 GB,"6.7""",50 MP,2) (5G,Grau,,,morgen geliefert,morgen abholbereit,2024-04-11,https://www.interdiscount.ch/de/smartphone--c411000/nothing-phone-2-5g-512-gb-6-7-50-mp-grau--p0013929429
14099352,MOTOROLA,Moto G14,159.95,128 GB,"6.5""",50 MP,,Grau,,,morgen geliefert,morgen abholbereit,2024-04-11,https://www.interdiscount.ch/de/smartphone--c411000/motorola-moto-g14-128-gb-grau-6-5-50-mp--p0014099352
13969231,INOI,A72,119.95,64 GB,"6.5""",13 MP,,Violett,,,morgen geliefert,morgen abholbereit,2024-04-11,https://www.interdiscount.ch/de/smartphone--c411000/inoi-a72-64-gb-violett-6-5-13-mp--p0013969231
,DORO,Bundle 8200,283.0,128 GB,"6.1""",13 MP,,Blau,,,innerhalb 1 - 2 Wochen geliefert,innerhalb 1 - 2 Wochen abholbereit,2024-04-11,https://www.interdiscount.ch/de/smartphone--c411000/doro-bundle-8200-128-gb-blau-6-1-13-mp--p0014000281
14103184,SAMSUNG,Galaxy A35 5G,419.95,256 GB,"6.6""",50 MP,5G,Awesome Lemon,,,morgen geliefert,morgen abholbereit,2024-04-11,https://www.interdiscount.ch/de/smartphone--c411000/samsung-galaxy-a35-5g-256-gb-awesome-lemon-6-6-50-mp-5g--p0014103184
,RUGGEAR,RG275,359.0,16 GB,"4""",5 MP,,Schwarz,,,innerhalb 1 - 2 Wochen geliefert,innerhalb 1 - 2 Wochen abholbereit,2024-04-11,https://www.interdiscount.ch/de/smartphone--c411000/ruggear-rg275-16-gb-4-5-mp-schwarz--p0002346771
13816794,APPLE,iPhone 14,729.0,256 GB,"6.1""",12 MP,5G,Gelb,,,,,2024-04-11,https://www.interdiscount.ch/de/smartphone--c411000/apple-iphone-14-5g-256-gb-6-1-12-mp-gelb--p0013816794
14099353,MOTOROLA,Moto G84,299.95,256 GB,"6.55""",50 MP,5G,Mitternachtsblau,,,morgen geliefert,morgen abholbereit,2024-04-11,https://www.interdiscount.ch/de/smartphone--c411000/motorola-moto-g84-256-gb-mitternachtsblau-6-55-50-mp-5g--p0014099353
14110476,ASUS,Zenfone 11 Ultra,799.95,256 GB,"6.78""",50 MP,5G,Schwarz,,,,,2024-04-11,https://www.interdiscount.ch/de/smartphone--c411000/asus-zenfone-11-ultra-256-gb-schwarz-6-78-50-mp-5g--p0014110476
,NOTHING,Phone128 GB,343.65,128 GB,"6.5""",50 MP,1) (5G,Schwarz,,5.0,innerhalb 1 - 2 Wochen geliefert,innerhalb 1 - 2 Wochen abholbereit,2024-04-11,https://www.interdiscount.ch/de/smartphone--c411000/nothing-phone-1-5g-128-gb-6-5-50-mp-schwarz--p0008590540
,XIAOMI,Redmi Note 12 5G,208.65,128 GB,"6.67""",48 MP,5G,Mystic blue,,5.0,innerhalb 1 - 2 Wochen geliefert,innerhalb 1 - 2 Wochen abholbereit,2024-04-11,https://www.interdiscount.ch/de/smartphone--c411000/xiaomi-redmi-note-12-5g-5g-128-gb-6-67-48-mp-mystic-blue--p0013818568
14110206,TCL,40 NXTPAPER,199.95,256 GB,"6.78""",50 MP,,Midnight Blue,,,morgen geliefert,morgen abholbereit,2024-04-11,https://www.interdiscount.ch/de/smartphone--c411000/tcl-40-nxtpaper-256-gb-midnight-blue-6-78-50-mp--p0014110206
,BEAFON,M6s plus,174.75,32 GB,"6.26""",13 MP,,Schwarz,,,innerhalb 1 - 2 Wochen geliefert,innerhalb 1 - 2 Wochen abholbereit,2024-04-11,https://www.interdiscount.ch/de/smartphone--c411000/beafon-m6s-plus-32-gb-schwarz-6-26-13-mp--p0006242236
14110478,ASUS,Zenfone 11 Ultra,899.95,512 GB,"6.78""",50 MP,5G,Schwarz,,,,,2024-04-11,https://www.interdiscount.ch/de/smartphone--c411000/asus-zenfone-11-ultra-512-gb-schwarz-6-78-50-mp-5g--p0014110478
,SAMSUNG,Galaxy S23 Ultra Enterprise Edition,1314.0,256 GB,"6.8""",200 MP,5G,Phantom Black,,,innerhalb 1 - 2 Wochen geliefert,innerhalb 1 - 2 Wochen abholbereit,2024-04-11,https://www.interdiscount.ch/de/smartphone--c411000/samsung-galaxy-s23-ultra-enterprise-edition-5g-256-gb-6-8-200-mp-phantom-black--p0013777161
,SAMSUNG,Galaxy S24 Ultra Enterprise Edition,1279.95,12 GB,"6.8""",200 MP,5G,Titan,,,innerhalb 1 - 2 Wochen geliefert,innerhalb 1 - 2 Wochen abholbereit,2024-04-11,https://www.interdiscount.ch/de/smartphone--c411000/samsung-galaxy-s24-ultra-enterprise-edition-12-gb-titan-6-8-200-mp-5g--p0014088791
,FAIRPHONE,4,516.65,256 GB,"6.3""",48 MP,5G,Grau,,5.0,innerhalb 1 - 2 Wochen geliefert,innerhalb 1 - 2 Wochen abholbereit,2024-04-11,https://www.interdiscount.ch/de/smartphone--c411000/fairphone-4-5g-256-gb-6-3-48-mp-grau--p0002835187
,SAMSUNG,Galaxy A34 5G,357.8,128 GB,"6.6""",48 MP,5G,"Awesome Black, Awesome Graphite",,,innerhalb 1 - 2 Wochen geliefert,innerhalb 1 - 2 Wochen abholbereit,2024-04-11,https://www.interdiscount.ch/de/smartphone--c411000/samsung-galaxy-a34-5g-5g-128-gb-6-6-48-mp-awesome-black-awesome-graphite--p0013777158
14085216,ASUS,ROG Phone 8,1019.95,256 GB,"6.78""",50 MP,5G,Phantom Black,,,morgen geliefert,morgen abholbereit,2024-04-11,https://www.interdiscount.ch/de/smartphone--c411000/asus-rog-phone-8-256-gb-phantom-black-6-78-50-mp-5g--p0014085216
9376424,ASUS,Zenfone 9,599.95,128 GB,"5.9""",50 MP,5G,Moonlight White,,,innerhalb 1 - 2 Wochen geliefert,innerhalb 1 - 2 Wochen abholbereit,2024-04-11,https://www.interdiscount.ch/de/smartphone--c411000/asus-zenfone-9-5g-128-gb-5-9-50-mp-moonlight-white--p0009376424
12310215,GIGASET,GX6,539.0,128 GB,"6.6""",50 MP,5G,Titan Grey,3,4.5,innerhalb 1 - 2 Wochen geliefert,innerhalb 1 - 2 Wochen abholbereit,2024-04-11,https://www.interdiscount.ch/de/smartphone--c411000/gigaset-gx6-5g-128-gb-6-6-50-mp-titan-grey--p0012310215
13975900,DORO,8200,309.95,64 GB,"6.1""",16 MP,,Blau,,,innerhalb 1 - 2 Wochen geliefert,innerhalb 1 - 2 Wochen abholbereit,2024-04-11,https://www.interdiscount.ch/de/smartphone--c411000/doro-8200-64-gb-blau-6-1-16-mp--p0013975900
,XIAOMI,Redmi Note 13,179.05,128 GB,"6.67""",108 MP,,Midnight black,,,innerhalb 1 - 2 Wochen geliefert,innerhalb 1 - 2 Wochen abholbereit,2024-04-11,https://www.interdiscount.ch/de/smartphone--c411000/xiaomi-redmi-note-13-128-gb-midnight-black-6-67-108-mp--p0014082860
,GOOGLE,Pixel 7 Pro,834.9,128 GB,"6.7""",50 MP,5G,"Grau, Grün",,,in 7 Wochen geliefert,in 7 Wochen abholbereit,2024-04-11,https://www.interdiscount.ch/de/smartphone--c411000/google-pixel-7-pro-5g-128-gb-6-7-50-mp-grau-gr%C3%BCn--p0013801965
,APPLE,iPhone 12,700.15,256 GB,"6.1""",12 MP,5G,Weiss,,,innerhalb 1 - 2 Wochen geliefert,innerhalb 1 - 2 Wochen abholbereit,2024-04-11,https://www.interdiscount.ch/de/smartphone--c411000/apple-iphone-12-5g-256-gb-6-1-12-mp-weiss--p0002550898
13929426,ASUS,Zenfone 10,779.95,512 GB,"5.9""",50 MP,5G,Aurora Green,,,morgen geliefert,morgen abholbereit,2024-04-11,https://www.interdiscount.ch/de/smartphone--c411000/asus-zenfone-10-512-gb-aurora-green-5-9-50-mp-5g--p0013929426
13929425,ASUS,Zenfone 10,779.95,512 GB,"5.9""",50 MP,5G,Midnight black,,,morgen geliefert,morgen abholbereit,2024-04-11,https://www.interdiscount.ch/de/smartphone--c411000/asus-zenfone-10-512-gb-midnight-black-5-9-50-mp-5g--p0013929425
,SAMSUNG,Galaxy S24 Enterprise Edition,773.1,128 GB,"6.2""",50 MP,5G,Onyx Black,,,innerhalb 1 - 2 Wochen geliefert,innerhalb 1 - 2 Wochen abholbereit,2024-04-11,https://www.interdiscount.ch/de/smartphone--c411000/samsung-galaxy-s24-enterprise-edition-128-gb-onyx-black-6-2-50-mp-5g--p0014088790
,FAIRPHONE,4,519.0,256 GB,"6.3""",48 MP,5G,Grün,,,innerhalb 1 - 2 Wochen geliefert,innerhalb 1 - 2 Wochen abholbereit,2024-04-11,https://www.interdiscount.ch/de/smartphone--c411000/fairphone-4-5g-256-gb-6-3-48-mp-gr%C3%BCn--p0002835188
,XIAOMI,13 Lite,448.05,128 GB,"6.55""",50 MP,5G,Schwarz,,,innerhalb 1 - 2 Wochen geliefert,innerhalb 1 - 2 Wochen abholbereit,2024-04-11,https://www.interdiscount.ch/de/smartphone--c411000/xiaomi-13-lite-5g-128-gb-6-55-50-mp-schwarz--p0013773693
,NOKIA,G42,222.9,128 GB,"6.56""",50 MP,5G,Pink,,,innerhalb 1 - 2 Wochen geliefert,innerhalb 1 - 2 Wochen abholbereit,2024-04-11,https://www.interdiscount.ch/de/smartphone--c411000/nokia-g42-128-gb-pink-6-56-50-mp-5g--p0014014765
,DORO,780X,139.7,4 GB,"2.8""",,,"Weiss, Schwarz",,,innerhalb 1 - 2 Wochen geliefert,innerhalb 1 - 2 Wochen abholbereit,2024-04-11,https://www.interdiscount.ch/de/smartphone--c411000/doro-780x-2-8-4-gb-weiss-schwarz--p0002556980
13928295,INOI,A63,99.9,32 GB,"6.5""",13 MP,,Marine,,,morgen geliefert,morgen abholbereit,2024-04-11,https://www.interdiscount.ch/de/smartphone--c411000/inoi-a63-32-gb-marine-6-5-13-mp--p0013928295
,DORO,5860,81.5,,"2.4""",2 MP,,"Weiss, Schwarz",,,innerhalb 1 - 2 Wochen geliefert,innerhalb 1 - 2 Wochen abholbereit,2024-04-11,https://www.interdiscount.ch/de/smartphone--c411000/doro-5860-weiss-schwarz-2-4-2-mp--p0006393166
14067646,TCL,onetouch 4042S,59.95,128 MB,"2.8""",2 MP,,Grau,,,morgen geliefert,morgen abholbereit,2024-04-11,https://www.interdiscount.ch/de/smartphone--c411000/tcl-onetouch-4042s-128-mb-grau-2-8-2-mp--p0014067646
,SAMSUNG,Galaxy S23 Enterprise Edition,951.4,256 GB,"6.1""",50 MP,5G,Phantom Black,,,innerhalb 1 - 2 Wochen geliefert,innerhalb 1 - 2 Wochen abholbereit,2024-04-11,https://www.interdiscount.ch/de/smartphone--c411000/samsung-galaxy-s23-enterprise-edition-5g-256-gb-6-1-50-mp-phantom-black--p0013777160
,XIAOMI,13 Lite,448.05,128 GB,"6.55""",50 MP,5G,Blau,,,innerhalb 1 - 2 Wochen geliefert,innerhalb 1 - 2 Wochen abholbereit,2024-04-11,https://www.interdiscount.ch/de/smartphone--c411000/xiaomi-13-lite-5g-128-gb-6-55-50-mp-blau--p0013773692
9727875,NOKIA,X30,439.95,256 GB,"6.43""",50 MP,5G,Cloudy Blue,,5.0,innerhalb 1 - 2 Wochen geliefert,innerhalb 1 - 2 Wochen abholbereit,2024-04-11,https://www.interdiscount.ch/de/smartphone--c411000/nokia-x30-5g-256-gb-6-43-50-mp-cloudy-blue--p0009727875
13685807,SAMSUNG,Galaxy A34 5G,319.95,128 GB,"6.6""",48 MP,5G,Awesome Silver,6,4.5,morgen geliefert,morgen abholbereit,2024-04-11,https://www.interdiscount.ch/de/smartphone--c411000/samsung-galaxy-a34-5g-5g-128-gb-6-6-48-mp-awesome-silver--p0013685807
,XIAOMI,Redmi Note 11,156.2,128 GB,"6.43""",50 MP,,Twilight Blue,,5.0,innerhalb 1 - 2 Wochen geliefert,innerhalb 1 - 2 Wochen abholbereit,2024-04-11,https://www.interdiscount.ch/de/smartphone--c411000/xiaomi-redmi-note-11-128-gb-6-43-50-mp-twilight-blue--p1005033387
986608,GIGASET,GS195 LS,129.0,32 GB,"6.18""",13 MP,,Grau,,,innerhalb 1 - 2 Wochen geliefert,innerhalb 1 - 2 Wochen abholbereit,2024-04-11,https://www.interdiscount.ch/de/smartphone--c411000/gigaset-gs195-ls-32-gb-6-18-13-mp-grau--p0002246280
,GOOGLE,Pixel 7 Pro,862.35,128 GB,"6.7""",50 MP,5G,Weiss,,,innerhalb 1 - 2 Wochen geliefert,innerhalb 1 - 2 Wochen abholbereit,2024-04-11,https://www.interdiscount.ch/de/smartphone--c411000/google-pixel-7-pro-128-gb-weiss-6-7-50-mp-5g--p0013085843
14110477,ASUS,Zenfone 11 Ultra,799.95,256 GB,"6.78""",50 MP,5G,Blau,,,,,2024-04-11,https://www.interdiscount.ch/de/smartphone--c411000/asus-zenfone-11-ultra-256-gb-blau-6-78-50-mp-5g--p0014110477
,RUGGEAR,RG750,403.75,64 GB,"4""",13 MP,,Schwarz,,,in 7 Wochen geliefert,in 7 Wochen abholbereit,2024-04-11,https://www.interdiscount.ch/de/smartphone--c411000/ruggear-rg750-64-gb-schwarz-4-13-mp--p0013807561
